Path;SteerAngle;Throttle;Brake;Speed;X_Position;Y_Position;Pitch;Yaw;Roll
C:\Users\baike\RoboND-Rover-Project\BK_dataset\IMG\IMG\robocam_2018_01_21_16_54_51_487.jpg;0;0;1;0;103.0588;176.0276;0.0002324783;282.6074;3.099811E-06
C:\Users\baike\RoboND-Rover-Project\BK_dataset\IMG\IMG\robocam_2018_01_21_16_54_51_511.jpg;0;0;0;0;103.0588;176.0276;0.0002322966;282.6074;1.455625E-06
C:\Users\baike\RoboND-Rover-Project\BK_dataset\IMG\IMG\robocam_2018_01_21_16_54_51_575.jpg;0;0;0;0;103.0588;176.0276;0.0002321546;282.6074;1.694494E-07
C:\Users\baike\RoboND-Rover-Project\BK_dataset\IMG\IMG\robocam_2018_01_21_16_54_51_642.jpg;0;0;0;0;103.0588;176.0276;0.0002319612;282.6074;-1.580812E-06
C:\Users\baike\RoboND-Rover-Project\BK_dataset\IMG\IMG\robocam_2018_01_21_16_54_51_712.jpg;0;0;0;0;103.0588;176.0276;0.0002318118;282.6074;-2.933286E-06
C:\Users\baike\RoboND-Rover-Project\BK_dataset\IMG\IMG\robocam_2018_01_21_16_54_51_778.jpg;0;0;0;0;103.0588;176.0276;0.0002316668;282.6074;-4.245983E-06
C:\Users\baike\RoboND-Rover-Project\BK_dataset\IMG\IMG\robocam_2018_01_21_16_54_51_845.jpg;0;0;0;0;103.0588;176.0276;0.0002314881;282.6074;-5.863648E-06
C:\Users\baike\RoboND-Rover-Project\BK_dataset\IMG\IMG\robocam_2018_01_21_16_54_51_912.jpg;0;0;0;0;103.0588;176.0276;0.0002313651;282.6074;-6.977452E-06
C:\Users\baike\RoboND-Rover-Project\BK_dataset\IMG\IMG\robocam_2018_01_21_16_54_51_977.jpg;0;0;0;0;103.0588;176.0276;0.0002312552;282.6074;-7.971918E-06
C:\Users\baike\RoboND-Rover-Project\BK_dataset\IMG\IMG\robocam_2018_01_21_16_54_52_045.jpg;0;0;0;0;103.0588;176.0276;0.0002311395;282.6074;-9.019423E-06
C:\Users\baike\RoboND-Rover-Project\BK_dataset\IMG\IMG\robocam_2018_01_21_16_54_52_112.jpg;0;0;0;0;103.0588;176.0276;0.000231078;282.6074;-9.576324E-06
C:\Users\baike\RoboND-Rover-Project\BK_dataset\IMG\IMG\robocam_2018_01_21_16_54_52_177.jpg;0;0;0;0;103.0588;176.0276;0.0002310399;282.6074;-9.921073E-06
C:\Users\baike\RoboND-Rover-Project\BK_dataset\IMG\IMG\robocam_2018_01_21_16_54_52_245.jpg;0;0;0;0;103.0588;176.0276;0.0002310252;282.6074;-1.005367E-05
C:\Users\baike\RoboND-Rover-Project\BK_dataset\IMG\IMG\robocam_2018_01_21_16_54_52_312.jpg;0;0;0;0;103.0588;176.0276;0.0002310428;282.6074;-9.894554E-06
C:\Users\baike\RoboND-Rover-Project\BK_dataset\IMG\IMG\robocam_2018_01_21_16_54_52_378.jpg;0;0;0;0;103.0588;176.0276;0.0002310824;282.6074;-9.536545E-06
C:\Users\baike\RoboND-Rover-Project\BK_dataset\IMG\IMG\robocam_2018_01_21_16_54_52_445.jpg;0;0;0;0;103.0588;176.0276;0.0002311717;282.6074;-8.727713E-06
C:\Users\baike\RoboND-Rover-Project\BK_dataset\IMG\IMG\robocam_2018_01_21_16_54_52_511.jpg;0;0;0;0;103.0588;176.0276;0.0002312625;282.6074;-7.905621E-06
C:\Users\baike\RoboND-Rover-Project\BK_dataset\IMG\IMG\robocam_2018_01_21_16_54_52_577.jpg;0;0;0;0;103.0588;176.0276;0.0002313695;282.6074;-6.937672E-06
C:\Users\baike\RoboND-Rover-Project\BK_dataset\IMG\IMG\robocam_2018_01_21_16_54_52_645.jpg;0;0;0;0;103.0588;176.0276;0.000231532;282.6074;-5.465862E-06
C:\Users\baike\RoboND-Rover-Project\BK_dataset\IMG\IMG\robocam_2018_01_21_16_54_52_713.jpg;2.025487;0;0;0;103.0588;176.0276;0.000232274;282.8505;-4.983064E-06
C:\Users\baike\RoboND-Rover-Project\BK_dataset\IMG\IMG\robocam_2018_01_21_16_54_52_779.jpg;2.109438;0;0;0;103.0588;176.0276;0.0002334764;283.4632;-6.710029E-06
C:\Users\baike\RoboND-Rover-Project\BK_dataset\IMG\IMG\robocam_2018_01_21_16_54_52_845.jpg;0;0;0;0;103.0588;176.0276;0.0002314558;283.474;-5.636286E-06
C:\Users\baike\RoboND-Rover-Project\BK_dataset\IMG\IMG\robocam_2018_01_21_16_54_52_914.jpg;0;0;0;0;103.0588;176.0276;0.0002305087;283.474;-4.557226E-06
C:\Users\baike\RoboND-Rover-Project\BK_dataset\IMG\IMG\robocam_2018_01_21_16_54_52_979.jpg;-3.971657;0;0;0;103.0588;176.0276;0.0002318159;282.9875;-1.682061E-06
C:\Users\baike\RoboND-Rover-Project\BK_dataset\IMG\IMG\robocam_2018_01_21_16_54_53_046.jpg;-3.827874;0;0;0;103.0588;176.0276;0.0002330111;282.3013;2.773329E-06
C:\Users\baike\RoboND-Rover-Project\BK_dataset\IMG\IMG\robocam_2018_01_21_16_54_53_112.jpg;0;0;0;0;103.0588;176.0276;0.0002347332;282.1906;5.079602E-06
C:\Users\baike\RoboND-Rover-Project\BK_dataset\IMG\IMG\robocam_2018_01_21_16_54_53_179.jpg;0;0;0;0;103.0588;176.0276;0.0002362063;282.1906;6.813954E-06
C:\Users\baike\RoboND-Rover-Project\BK_dataset\IMG\IMG\robocam_2018_01_21_16_54_53_245.jpg;0;0;0;0;103.0588;176.0276;0.0002381564;282.1906;8.993775E-06
C:\Users\baike\RoboND-Rover-Project\BK_dataset\IMG\IMG\robocam_2018_01_21_16_54_53_312.jpg;0;0;0;0;103.0588;176.0276;0.0002400228;282.1906;1.039098E-05
C:\Users\baike\RoboND-Rover-Project\BK_dataset\IMG\IMG\robocam_2018_01_21_16_54_53_379.jpg;0;0;0;0;103.0588;176.0276;0.0002420831;282.1906;1.159307E-05
C:\Users\baike\RoboND-Rover-Project\BK_dataset\IMG\IMG\robocam_2018_01_21_16_54_53_446.jpg;0;0;0;0;103.0588;176.0276;0.0002441575;282.1906;1.292781E-05
C:\Users\baike\RoboND-Rover-Project\BK_dataset\IMG\IMG\robocam_2018_01_21_16_54_53_510.jpg;0;0;0;0;103.0588;176.0276;0.000245523;282.1906;1.365404E-05
C:\Users\baike\RoboND-Rover-Project\BK_dataset\IMG\IMG\robocam_2018_01_21_16_54_53_578.jpg;0;0;0;0;103.0588;176.0276;0.0002468588;282.1906;1.41017E-05
C:\Users\baike\RoboND-Rover-Project\BK_dataset\IMG\IMG\robocam_2018_01_21_16_54_53_645.jpg;0;0;0;0;103.0588;176.0276;0.0002486967;282.1906;1.322122E-05
C:\Users\baike\RoboND-Rover-Project\BK_dataset\IMG\IMG\robocam_2018_01_21_16_54_53_709.jpg;0;0;0;0;103.0588;176.0276;0.0002499616;282.1906;1.300565E-05
C:\Users\baike\RoboND-Rover-Project\BK_dataset\IMG\IMG\robocam_2018_01_21_16_54_53_776.jpg;0;0;0;0;103.0588;176.0276;0.000250986;282.1906;1.254744E-05
C:\Users\baike\RoboND-Rover-Project\BK_dataset\IMG\IMG\robocam_2018_01_21_16_54_53_846.jpg;0;0;0;0;103.0588;176.0276;0.0002517428;282.1906;1.159458E-05
C:\Users\baike\RoboND-Rover-Project\BK_dataset\IMG\IMG\robocam_2018_01_21_16_54_53_913.jpg;0;0;0;0;103.0588;176.0276;0.0002520667;282.1906;1.060745E-05
C:\Users\baike\RoboND-Rover-Project\BK_dataset\IMG\IMG\robocam_2018_01_21_16_54_53_979.jpg;0;0;0;0;103.0588;176.0276;0.0002519463;282.1906;9.479943E-06
C:\Users\baike\RoboND-Rover-Project\BK_dataset\IMG\IMG\robocam_2018_01_21_16_54_54_046.jpg;0;0.1986527;0;0;103.0591;176.0266;0.02372256;282.2914;8.78474E-06
C:\Users\baike\RoboND-Rover-Project\BK_dataset\IMG\IMG\robocam_2018_01_21_16_54_54_112.jpg;0;0.3991237;0;0.0118725;103.0593;176.0253;0.05111817;282.3232;3.23346E-05
C:\Users\baike\RoboND-Rover-Project\BK_dataset\IMG\IMG\robocam_2018_01_21_16_54_54_179.jpg;0;0.60086;0;0.04460355;103.0602;176.0216;0.1268497;282.2186;0.000364418
C:\Users\baike\RoboND-Rover-Project\BK_dataset\IMG\IMG\robocam_2018_01_21_16_54_54_246.jpg;0;0.7997824;0;0.07775302;103.0622;176.012;0.3205753;282.0815;0.0007627187
C:\Users\baike\RoboND-Rover-Project\BK_dataset\IMG\IMG\robocam_2018_01_21_16_54_54_313.jpg;0;1;0;0.121484;103.0646;176.0006;0.5268474;282.0366;-0.0006747365
C:\Users\baike\RoboND-Rover-Project\BK_dataset\IMG\IMG\robocam_2018_01_21_16_54_54_379.jpg;0;1;0;0.1868981;103.0678;175.9855;0.7685008;281.9065;7.752694E-05
C:\Users\baike\RoboND-Rover-Project\BK_dataset\IMG\IMG\robocam_2018_01_21_16_54_54_446.jpg;0;1;0;0.2351326;103.073;175.9604;1.114483;281.6909;0.000710901
C:\Users\baike\RoboND-Rover-Project\BK_dataset\IMG\IMG\robocam_2018_01_21_16_54_54_513.jpg;4.003519;1;0;0.2861716;103.0778;175.9396;1.313466;281.6385;-0.0008175296
C:\Users\baike\RoboND-Rover-Project\BK_dataset\IMG\IMG\robocam_2018_01_21_16_54_54_579.jpg;4.058358;1;0;0.3419914;103.0825;175.9198;1.266024;281.6987;-0.004832685
C:\Users\baike\RoboND-Rover-Project\BK_dataset\IMG\IMG\robocam_2018_01_21_16_54_54_644.jpg;3.923737;1;0;0.4146902;103.0899;175.8896;1.101929;281.8607;-0.0005278231
C:\Users\baike\RoboND-Rover-Project\BK_dataset\IMG\IMG\robocam_2018_01_21_16_54_54_713.jpg;3.626184;1;0;0.4645247;103.0964;175.8626;1.051797;282.131;-0.001636453
C:\Users\baike\RoboND-Rover-Project\BK_dataset\IMG\IMG\robocam_2018_01_21_16_54_54_780.jpg;-0.3568335;1;0;0.5249351;103.1033;175.8323;1.049;282.216;-0.00088303
C:\Users\baike\RoboND-Rover-Project\BK_dataset\IMG\IMG\robocam_2018_01_21_16_54_54_847.jpg;-0.3738861;1;0;0.5827408;103.1131;175.7847;1.153072;282.1881;-0.002183395
C:\Users\baike\RoboND-Rover-Project\BK_dataset\IMG\IMG\robocam_2018_01_21_16_54_54_913.jpg;-0.3758115;1;0;0.6159638;103.121;175.7463;1.234086;282.0798;-0.0003021592
C:\Users\baike\RoboND-Rover-Project\BK_dataset\IMG\IMG\robocam_2018_01_21_16_54_54_980.jpg;0;1;0;0.6855959;103.1294;175.7061;1.243228;282.0596;-0.001778535
C:\Users\baike\RoboND-Rover-Project\BK_dataset\IMG\IMG\robocam_2018_01_21_16_54_55_047.jpg;0;1;0;0.742215;103.1415;175.6482;1.206635;282.0306;-0.000201642
C:\Users\baike\RoboND-Rover-Project\BK_dataset\IMG\IMG\robocam_2018_01_21_16_54_55_113.jpg;0;1;0;0.7912706;103.1513;175.6013;1.18684;282.0648;-0.0008572125
C:\Users\baike\RoboND-Rover-Project\BK_dataset\IMG\IMG\robocam_2018_01_21_16_54_55_179.jpg;0;1;0;0.8484316;103.1619;175.5506;1.209511;282.0632;-0.0003957188
C:\Users\baike\RoboND-Rover-Project\BK_dataset\IMG\IMG\robocam_2018_01_21_16_54_55_246.jpg;0;1;0;0.908865;103.177;175.4787;1.228076;282.0925;-0.001091907
C:\Users\baike\RoboND-Rover-Project\BK_dataset\IMG\IMG\robocam_2018_01_21_16_54_55_313.jpg;0;1;0;0.9541949;103.189;175.4216;1.228926;282.0894;-0.0008427349
C:\Users\baike\RoboND-Rover-Project\BK_dataset\IMG\IMG\robocam_2018_01_21_16_54_55_379.jpg;0;1;0;1.018611;103.2021;175.3618;1.220135;282.1665;-0.001618081
C:\Users\baike\RoboND-Rover-Project\BK_dataset\IMG\IMG\robocam_2018_01_21_16_54_55_447.jpg;0;0.9004573;0;1.06366;103.22;175.2778;1.218421;282.169;-0.0007836345
C:\Users\baike\RoboND-Rover-Project\BK_dataset\IMG\IMG\robocam_2018_01_21_16_54_55_513.jpg;0;0.699361;0;1.110797;103.2339;175.2121;1.215965;282.1555;0.0001349933
C:\Users\baike\RoboND-Rover-Project\BK_dataset\IMG\IMG\robocam_2018_01_21_16_54_55_580.jpg;0;0.4992729;0;1.146833;103.2481;175.1447;1.218497;282.1824;-0.00100744
C:\Users\baike\RoboND-Rover-Project\BK_dataset\IMG\IMG\robocam_2018_01_21_16_54_55_644.jpg;0;0.2965221;0;1.16508;103.2674;175.0536;1.20743;282.1729;-0.0009401734
C:\Users\baike\RoboND-Rover-Project\BK_dataset\IMG\IMG\robocam_2018_01_21_16_54_55_710.jpg;0;0.1072007;0;1.17582;103.2819;174.9851;1.170245;282.1299;0.0004205446
C:\Users\baike\RoboND-Rover-Project\BK_dataset\IMG\IMG\robocam_2018_01_21_16_54_55_779.jpg;0;0;0;1.17517;103.2962;174.9173;1.098043;282.1277;-0.0001855831
C:\Users\baike\RoboND-Rover-Project\BK_dataset\IMG\IMG\robocam_2018_01_21_16_54_55_847.jpg;1.550851;0;0;1.172527;103.3154;174.828;0.9567227;282.1824;0.006761076
C:\Users\baike\RoboND-Rover-Project\BK_dataset\IMG\IMG\robocam_2018_01_21_16_54_55_914.jpg;4.54846;0;0;1.168635;103.3312;174.7622;0.8217938;282.4496;0.04235816
C:\Users\baike\RoboND-Rover-Project\BK_dataset\IMG\IMG\robocam_2018_01_21_16_54_55_980.jpg;7.511128;0;0;1.162543;103.3483;174.6974;0.667874;282.9135;0.1065673
C:\Users\baike\RoboND-Rover-Project\BK_dataset\IMG\IMG\robocam_2018_01_21_16_54_56_047.jpg;10.52997;0;0;1.156918;103.3738;174.6126;0.4393087;283.8584;0.2420641
C:\Users\baike\RoboND-Rover-Project\BK_dataset\IMG\IMG\robocam_2018_01_21_16_54_56_110.jpg;13.52028;0;0;1.150568;103.3951;174.5504;0.2548664;284.7968;0.3800035
Path;SteerAngle;Throttle;Brake;Speed;X_Position;Y_Position;Pitch;Yaw;Roll
C:\Users\baike\RoboND-Rover-Project\BK_dataset\IMG\IMG\robocam_2018_01_21_16_54_56_180.jpg;15;0;0;1.140718;103.4181;174.4894;0.06414364;285.883;0.5409892
C:\Users\baike\RoboND-Rover-Project\BK_dataset\IMG\IMG\robocam_2018_01_21_16_54_56_247.jpg;15;0;0;1.134831;103.4505;174.4086;359.8599;287.3501;0.7291606
C:\Users\baike\RoboND-Rover-Project\BK_dataset\IMG\IMG\robocam_2018_01_21_16_54_56_314.jpg;15;0;0;1.127744;103.4761;174.3481;359.7621;288.4543;0.8395526
C:\Users\baike\RoboND-Rover-Project\BK_dataset\IMG\IMG\robocam_2018_01_21_16_54_56_380.jpg;15;0;0;1.119455;103.5028;174.2876;359.7106;289.5432;0.9196027
C:\Users\baike\RoboND-Rover-Project\BK_dataset\IMG\IMG\robocam_2018_01_21_16_54_56_447.jpg;15;0;0;1.112947;103.5404;174.2062;359.7805;290.9829;0.9197481
C:\Users\baike\RoboND-Rover-Project\BK_dataset\IMG\IMG\robocam_2018_01_21_16_54_56_514.jpg;13.5071;0;0;1.105577;103.5704;174.1458;359.8683;292.0628;0.8991477
C:\Users\baike\RoboND-Rover-Project\BK_dataset\IMG\IMG\robocam_2018_01_21_16_54_56_579.jpg;10.52152;0;0;1.101069;103.6007;174.086;359.9407;292.9911;0.8713876
C:\Users\baike\RoboND-Rover-Project\BK_dataset\IMG\IMG\robocam_2018_01_21_16_54_56_647.jpg;7.435462;0;0;1.0986;103.6406;174.0066;0.01332543;293.8943;0.797986
C:\Users\baike\RoboND-Rover-Project\BK_dataset\IMG\IMG\robocam_2018_01_21_16_54_56_711.jpg;4.621236;0;0;1.095821;103.6697;173.9472;0.04958181;294.3303;0.7151887
C:\Users\baike\RoboND-Rover-Project\BK_dataset\IMG\IMG\robocam_2018_01_21_16_54_56_780.jpg;1.508109;0;0;1.09154;103.6981;173.8879;0.07086166;294.5692;0.6094276
C:\Users\baike\RoboND-Rover-Project\BK_dataset\IMG\IMG\robocam_2018_01_21_16_54_56_843.jpg;0;0.09325691;0;1.08767;103.7345;173.8087;0.08054486;294.6022;0.4355857
C:\Users\baike\RoboND-Rover-Project\BK_dataset\IMG\IMG\robocam_2018_01_21_16_54_56_911.jpg;0;0.2926141;0;1.087574;103.7619;173.749;0.09278281;294.5984;0.3074736
C:\Users\baike\RoboND-Rover-Project\BK_dataset\IMG\IMG\robocam_2018_01_21_16_54_56_977.jpg;0;0.4942478;0;1.103111;103.7899;173.688;0.132699;294.6013;0.1847373
C:\Users\baike\RoboND-Rover-Project\BK_dataset\IMG\IMG\robocam_2018_01_21_16_54_57_044.jpg;0;0.2944167;0;1.126897;103.8282;173.6048;0.2226647;294.6077;0.03258245
C:\Users\baike\RoboND-Rover-Project\BK_dataset\IMG\IMG\robocam_2018_01_21_16_54_57_111.jpg;0;0.2961642;0;1.131012;103.8572;173.5417;0.2944934;294.5966;359.9295
C:\Users\baike\RoboND-Rover-Project\BK_dataset\IMG\IMG\robocam_2018_01_21_16_54_57_177.jpg;0;0.296673;0;1.142449;103.8865;173.4781;0.3695738;294.6126;359.837
C:\Users\baike\RoboND-Rover-Project\BK_dataset\IMG\IMG\robocam_2018_01_21_16_54_57_246.jpg;0;0.4959276;0;1.161441;103.9263;173.3925;0.4499098;294.6272;359.7638
C:\Users\baike\RoboND-Rover-Project\BK_dataset\IMG\IMG\robocam_2018_01_21_16_54_57_314.jpg;0;0.7020677;0;1.18047;103.957;173.3264;0.527683;294.634;359.7323
C:\Users\baike\RoboND-Rover-Project\BK_dataset\IMG\IMG\robocam_2018_01_21_16_54_57_380.jpg;0;0.9006051;0;1.22625;103.9889;173.258;0.634975;294.6438;359.7226
C:\Users\baike\RoboND-Rover-Project\BK_dataset\IMG\IMG\robocam_2018_01_21_16_54_57_448.jpg;0;1;0;1.270201;104.0335;173.1621;0.8361834;294.6581;359.7437
C:\Users\baike\RoboND-Rover-Project\BK_dataset\IMG\IMG\robocam_2018_01_21_16_54_57_514.jpg;0;1;0;1.316245;104.0686;173.0869;1.014045;294.6787;359.7908
C:\Users\baike\RoboND-Rover-Project\BK_dataset\IMG\IMG\robocam_2018_01_21_16_54_57_580.jpg;0;1;0;1.377944;104.1052;173.0097;1.171259;294.6958;359.8936
C:\Users\baike\RoboND-Rover-Project\BK_dataset\IMG\IMG\robocam_2018_01_21_16_54_57_647.jpg;0;1;0;1.425116;104.1541;172.9034;1.300392;294.6835;0.02257793
C:\Users\baike\RoboND-Rover-Project\BK_dataset\IMG\IMG\robocam_2018_01_21_16_54_57_714.jpg;-2.000437;1;0;1.472096;104.1896;172.8216;1.284684;294.5781;-6.938656E-07
C:\Users\baike\RoboND-Rover-Project\BK_dataset\IMG\IMG\robocam_2018_01_21_16_54_57_781.jpg;-2.023816;1;0;1.537239;104.2382;172.7087;1.236096;294.1888;0.001160228
C:\Users\baike\RoboND-Rover-Project\BK_dataset\IMG\IMG\robocam_2018_01_21_16_54_57_848.jpg;-6.053463;1;0;1.584486;104.2749;172.6199;1.247173;293.7176;0.001580896
C:\Users\baike\RoboND-Rover-Project\BK_dataset\IMG\IMG\robocam_2018_01_21_16_54_57_914.jpg;-2.025022;1;0;1.642881;104.3124;172.5284;1.256924;293.2781;0.001300797
C:\Users\baike\RoboND-Rover-Project\BK_dataset\IMG\IMG\robocam_2018_01_21_16_54_57_982.jpg;0;1;0;1.689779;104.3651;172.403;1.270798;293.1548;-0.0007897482
C:\Users\baike\RoboND-Rover-Project\BK_dataset\IMG\IMG\robocam_2018_01_21_16_54_58_048.jpg;0;1;0;1.735259;104.4061;172.3061;1.27424;293.1348;-0.001007488
C:\Users\baike\RoboND-Rover-Project\BK_dataset\IMG\IMG\robocam_2018_01_21_16_54_58_114.jpg;0;1;0;1.796955;104.4481;172.2067;1.276288;293.1244;-0.001050082
C:\Users\baike\RoboND-Rover-Project\BK_dataset\IMG\IMG\robocam_2018_01_21_16_54_58_181.jpg;0;1;0;1.842435;104.4911;172.1048;1.281004;293.113;-0.001058143
C:\Users\baike\RoboND-Rover-Project\BK_dataset\IMG\IMG\robocam_2018_01_21_16_54_58_248.jpg;0;1;0;1.887785;104.5501;171.9649;1.288664;293.0974;-0.001069302
C:\Users\baike\RoboND-Rover-Project\BK_dataset\IMG\IMG\robocam_2018_01_21_16_54_58_314.jpg;0;1;0;1.948222;104.5956;171.8571;1.291076;293.0858;-0.001093855
Path;SteerAngle;Throttle;Brake;Speed;X_Position;Y_Position;Pitch;Yaw;Roll
C:\Users\baike\RoboND-Rover-Project\BK_dataset\IMG\IMG\robocam_2018_01_21_16_54_58_381.jpg;0;1;0;1.992407;104.6578;171.7095;1.298552;293.0708;-0.001124362
C:\Users\baike\RoboND-Rover-Project\BK_dataset\IMG\IMG\robocam_2018_01_21_16_54_58_448.jpg;0;1;0;2.037285;104.7057;171.5959;1.30107;293.0597;-0.001148488
C:\Users\baike\RoboND-Rover-Project\BK_dataset\IMG\IMG\robocam_2018_01_21_16_54_58_514.jpg;0;1;0;2.097361;104.7538;171.4795;1.300891;292.9191;-0.0003575031
C:\Users\baike\RoboND-Rover-Project\BK_dataset\IMG\IMG\robocam_2018_01_21_16_54_58_581.jpg;0;1;0;2.141521;104.82;171.3206;1.308667;292.8677;-0.00109856
C:\Users\baike\RoboND-Rover-Project\BK_dataset\IMG\IMG\robocam_2018_01_21_16_54_58_648.jpg;0;1;0;2.185913;104.8709;171.1986;1.314152;292.8516;-0.001215827
C:\Users\baike\RoboND-Rover-Project\BK_dataset\IMG\IMG\robocam_2018_01_21_16_54_58_715.jpg;0;1;0;2.244804;104.9227;171.0742;1.314177;292.8398;-0.001231759
C:\Users\baike\RoboND-Rover-Project\BK_dataset\IMG\IMG\robocam_2018_01_21_16_54_58_777.jpg;0;1;0;2.288574;104.9756;170.9473;1.319873;292.8282;-0.00122493
C:\Users\baike\RoboND-Rover-Project\BK_dataset\IMG\IMG\robocam_2018_01_21_16_54_58_848.jpg;0;1;0;2.332505;105.0475;170.7744;1.320277;292.8128;-0.001257222
C:\Users\baike\RoboND-Rover-Project\BK_dataset\IMG\IMG\robocam_2018_01_21_16_54_58_914.jpg;0;1;0;2.390444;105.1026;170.6418;1.325933;292.8013;-0.001250793
C:\Users\baike\RoboND-Rover-Project\BK_dataset\IMG\IMG\robocam_2018_01_21_16_54_58_982.jpg;0;1;0;2.433763;105.1776;170.4613;1.329747;292.7867;-0.001247539
C:\Users\baike\RoboND-Rover-Project\BK_dataset\IMG\IMG\robocam_2018_01_21_16_54_59_048.jpg;0;1;0;2.477239;105.235;170.3232;1.33096;292.7744;-0.001284209
C:\Users\baike\RoboND-Rover-Project\BK_dataset\IMG\IMG\robocam_2018_01_21_16_54_59_115.jpg;0;1;0;2.534562;105.2933;170.1826;1.33459;292.7628;-0.001326937
C:\Users\baike\RoboND-Rover-Project\BK_dataset\IMG\IMG\robocam_2018_01_21_16_54_59_181.jpg;0;1;0;2.577398;105.3726;169.9914;1.341488;292.7475;-0.001344288
C:\Users\baike\RoboND-Rover-Project\BK_dataset\IMG\IMG\robocam_2018_01_21_16_54_59_248.jpg;0;1;0;2.620114;105.4332;169.8452;1.34666;292.7362;-0.001351283
C:\Users\baike\RoboND-Rover-Project\BK_dataset\IMG\IMG\robocam_2018_01_21_16_54_59_314.jpg;0;1;0;2.676882;105.4947;169.6967;1.350707;292.725;-0.001392385
C:\Users\baike\RoboND-Rover-Project\BK_dataset\IMG\IMG\robocam_2018_01_21_16_54_59_382.jpg;0;1;0;2.719306;105.5782;169.495;1.353485;292.7102;-0.00139735
C:\Users\baike\RoboND-Rover-Project\BK_dataset\IMG\IMG\robocam_2018_01_21_16_54_59_448.jpg;0;1;0;2.761586;105.6419;169.341;1.353658;292.6988;-0.001423237
C:\Users\baike\RoboND-Rover-Project\BK_dataset\IMG\IMG\robocam_2018_01_21_16_54_59_514.jpg;0;1;0;2.81771;105.7065;169.1847;1.352746;292.6871;-0.00137293
C:\Users\baike\RoboND-Rover-Project\BK_dataset\IMG\IMG\robocam_2018_01_21_16_54_59_581.jpg;0;1;0;2.860077;105.7941;168.9725;1.360726;292.6697;-0.001432903
C:\Users\baike\RoboND-Rover-Project\BK_dataset\IMG\IMG\robocam_2018_01_21_16_54_59_648.jpg;0;1;0;2.901105;105.8609;168.8106;1.365212;292.6567;-0.00143891
C:\Users\baike\RoboND-Rover-Project\BK_dataset\IMG\IMG\robocam_2018_01_21_16_54_59_714.jpg;0;1;0;2.956643;105.9286;168.6465;1.366123;292.6445;-0.001469121
C:\Users\baike\RoboND-Rover-Project\BK_dataset\IMG\IMG\robocam_2018_01_21_16_54_59_782.jpg;0;1;0;2.998117;106.0203;168.4241;1.370044;292.6277;-0.001346172
C:\Users\baike\RoboND-Rover-Project\BK_dataset\IMG\IMG\robocam_2018_01_21_16_54_59_849.jpg;0;1;0;3.039153;106.0901;168.2546;1.372838;292.6135;-0.001504514
C:\Users\baike\RoboND-Rover-Project\BK_dataset\IMG\IMG\robocam_2018_01_21_16_54_59_915.jpg;0;1;0;3.094067;106.1608;168.0827;1.375532;292.6016;-0.001024423
C:\Users\baike\RoboND-Rover-Project\BK_dataset\IMG\IMG\robocam_2018_01_21_16_54_59_981.jpg;0;1;0;3.134793;106.2565;167.8501;1.379417;292.5812;-0.001496672
C:\Users\baike\RoboND-Rover-Project\BK_dataset\IMG\IMG\robocam_2018_01_21_16_55_00_044.jpg;0;1;0;3.175694;106.3292;167.673;1.380534;292.569;-0.001050927
C:\Users\baike\RoboND-Rover-Project\BK_dataset\IMG\IMG\robocam_2018_01_21_16_55_00_116.jpg;0;1;0;3.216134;106.4029;167.4936;1.382419;292.5528;-0.001521921
C:\Users\baike\RoboND-Rover-Project\BK_dataset\IMG\IMG\robocam_2018_01_21_16_55_00_182.jpg;0;1;0;3.269962;106.5025;167.2508;1.389597;292.5323;-0.00156468
C:\Users\baike\RoboND-Rover-Project\BK_dataset\IMG\IMG\robocam_2018_01_21_16_55_00_248.jpg;0;1;0;3.310428;106.5782;167.0661;1.393863;292.5176;-0.001477839
C:\Users\baike\RoboND-Rover-Project\BK_dataset\IMG\IMG\robocam_2018_01_21_16_55_00_315.jpg;0;0.7998949;0;3.361113;106.6547;166.8794;1.391187;292.5038;-0.00109873
C:\Users\baike\RoboND-Rover-Project\BK_dataset\IMG\IMG\robocam_2018_01_21_16_55_00_382.jpg;0;0.5988071;0;3.388703;106.7574;166.6283;1.382205;292.4786;-0.0009289625
C:\Users\baike\RoboND-Rover-Project\BK_dataset\IMG\IMG\robocam_2018_01_21_16_55_00_450.jpg;0;0.3995493;0;3.407299;106.8347;166.4392;1.353567;292.4567;-0.0008296458
C:\Users\baike\RoboND-Rover-Project\BK_dataset\IMG\IMG\robocam_2018_01_21_16_55_00_514.jpg;0;0.2024771;0;3.417247;106.9118;166.2503;1.29218;292.4344;-0.0007656828
C:\Users\baike\RoboND-Rover-Project\BK_dataset\IMG\IMG\robocam_2018_01_21_16_55_00_582.jpg;0;0;0;3.414211;107.014;165.9998;1.144036;292.4056;-0.0006144392
C:\Users\baike\RoboND-Rover-Project\BK_dataset\IMG\IMG\robocam_2018_01_21_16_55_00_648.jpg;0;0;0;3.404049;107.09;165.8133;0.984243;292.3853;-0.0003591315
C:\Users\baike\RoboND-Rover-Project\BK_dataset\IMG\IMG\robocam_2018_01_21_16_55_00_711.jpg;-2.967715;0;0;3.389488;107.1648;165.6277;0.7941737;292.2216;-0.0005035213
C:\Users\baike\RoboND-Rover-Project\BK_dataset\IMG\IMG\robocam_2018_01_21_16_55_00_782.jpg;-5.808804;0;0;3.377777;107.2605;165.3806;0.5062638;291.4873;359.963
C:\Users\baike\RoboND-Rover-Project\BK_dataset\IMG\IMG\robocam_2018_01_21_16_55_00_849.jpg;-5.977462;0;0;3.365347;107.328;165.1949;0.2668957;290.6254;359.8553
C:\Users\baike\RoboND-Rover-Project\BK_dataset\IMG\IMG\robocam_2018_01_21_16_55_00_914.jpg;-2.969428;0;0;3.350528;107.3939;165.0095;0.0207445;289.9089;359.7251
C:\Users\baike\RoboND-Rover-Project\BK_dataset\IMG\IMG\robocam_2018_01_21_16_55_00_982.jpg;0;0;0;3.339673;107.4825;164.7625;359.7611;289.5095;359.6358
C:\Users\baike\RoboND-Rover-Project\BK_dataset\IMG\IMG\robocam_2018_01_21_16_55_01_049.jpg;0;0;0;3.327381;107.5489;164.5773;359.6118;289.4554;359.6111
C:\Users\baike\RoboND-Rover-Project\BK_dataset\IMG\IMG\robocam_2018_01_21_16_55_01_115.jpg;0;0;0;3.311309;107.6151;164.3921;359.4957;289.4532;359.6122
C:\Users\baike\RoboND-Rover-Project\BK_dataset\IMG\IMG\robocam_2018_01_21_16_55_01_183.jpg;0;0;0;3.29961;107.703;164.1456;359.3795;289.4648;359.6427
C:\Users\baike\RoboND-Rover-Project\BK_dataset\IMG\IMG\robocam_2018_01_21_16_55_01_249.jpg;-2.974331;0;0;3.287417;107.7669;163.9605;359.3114;289.2615;359.637
C:\Users\baike\RoboND-Rover-Project\BK_dataset\IMG\IMG\robocam_2018_01_21_16_55_01_312.jpg;0;0;0;3.271205;107.8308;163.7754;359.2872;289.0457;359.6665
C:\Users\baike\RoboND-Rover-Project\BK_dataset\IMG\IMG\robocam_2018_01_21_16_55_01_380.jpg;0;0;0;3.259674;107.8945;163.5909;359.2661;288.9801;359.7031
C:\Users\baike\RoboND-Rover-Project\BK_dataset\IMG\IMG\robocam_2018_01_21_16_55_01_447.jpg;0;0;0;3.248532;107.9794;163.3455;359.2629;288.9711;359.778
C:\Users\baike\RoboND-Rover-Project\BK_dataset\IMG\IMG\robocam_2018_01_21_16_55_01_513.jpg;0;0;0;3.236492;108.0426;163.1619;359.2732;288.9722;359.8378
C:\Users\baike\RoboND-Rover-Project\BK_dataset\IMG\IMG\robocam_2018_01_21_16_55_01_580.jpg;0;0;0;3.221766;108.1054;162.9789;359.2818;288.9723;359.8932
C:\Users\baike\RoboND-Rover-Project\BK_dataset\IMG\IMG\robocam_2018_01_21_16_55_01_646.jpg;0;0;0;3.210773;108.1889;162.736;359.2904;288.9719;359.9619
C:\Users\baike\RoboND-Rover-Project\BK_dataset\IMG\IMG\robocam_2018_01_21_16_55_01_712.jpg;0;0;0;3.19982;108.2512;162.5546;359.295;288.9716;0.008746537
C:\Users\baike\RoboND-Rover-Project\BK_dataset\IMG\IMG\robocam_2018_01_21_16_55_01_780.jpg;0;0;0;3.185275;108.3336;162.3131;359.3219;288.9605;0.03747749
C:\Users\baike\RoboND-Rover-Project\BK_dataset\IMG\IMG\robocam_2018_01_21_16_55_01_848.jpg;0;0;0;3.173455;108.3954;162.1328;359.3503;288.9561;0.05082714
C:\Users\baike\RoboND-Rover-Project\BK_dataset\IMG\IMG\robocam_2018_01_21_16_55_01_915.jpg;0;0;0;3.159062;108.457;161.9531;359.373;288.9548;0.06379196
C:\Users\baike\RoboND-Rover-Project\BK_dataset\IMG\IMG\robocam_2018_01_21_16_55_01_983.jpg;0;0;0;3.148331;108.5387;161.7144;359.404;288.9492;0.06552685
C:\Users\baike\RoboND-Rover-Project\BK_dataset\IMG\IMG\robocam_2018_01_21_16_55_02_050.jpg;0;0;0;3.136979;108.5998;161.536;359.4364;288.9438;0.05271741
C:\Users\baike\RoboND-Rover-Project\BK_dataset\IMG\IMG\robocam_2018_01_21_16_55_02_115.jpg;0;0;0;3.12278;108.6607;161.3584;359.4604;288.9426;0.04301212
C:\Users\baike\RoboND-Rover-Project\BK_dataset\IMG\IMG\robocam_2018_01_21_16_55_02_183.jpg;0;0;0;3.112213;108.7416;161.1227;359.4795;288.9423;0.03060091
C:\Users\baike\RoboND-Rover-Project\BK_dataset\IMG\IMG\robocam_2018_01_21_16_55_02_249.jpg;0;0;0;3.101686;108.802;160.9468;359.4849;288.9423;0.02158626
C:\Users\baike\RoboND-Rover-Project\BK_dataset\IMG\IMG\robocam_2018_01_21_16_55_02_315.jpg;0;0;0;3.087446;108.862;160.7713;359.4982;288.9357;-0.003451892
C:\Users\baike\RoboND-Rover-Project\BK_dataset\IMG\IMG\robocam_2018_01_21_16_55_02_383.jpg;0;0;0;3.076736;108.9419;160.5384;359.5106;288.9329;359.9677
C:\Users\baike\RoboND-Rover-Project\BK_dataset\IMG\IMG\robocam_2018_01_21_16_55_02_450.jpg;0;0;0;3.066328;109.0018;160.3645;359.519;288.9369;359.9601
C:\Users\baike\RoboND-Rover-Project\BK_dataset\IMG\IMG\robocam_2018_01_21_16_55_02_515.jpg;0;0;0;3.051987;109.0614;160.1911;359.5318;288.9412;359.9618
C:\Users\baike\RoboND-Rover-Project\BK_dataset\IMG\IMG\robocam_2018_01_21_16_55_02_583.jpg;0;0;0;3.041669;109.1404;159.9611;359.5356;288.9424;359.9618
C:\Users\baike\RoboND-Rover-Project\BK_dataset\IMG\IMG\robocam_2018_01_21_16_55_02_650.jpg;-3.053607;0;0;3.031292;109.1981;159.7888;359.5391;288.7289;359.9369
C:\Users\baike\RoboND-Rover-Project\BK_dataset\IMG\IMG\robocam_2018_01_21_16_55_02_714.jpg;-5.944363;0;0;3.019542;109.2523;159.616;359.5445;288.124;359.8481
C:\Users\baike\RoboND-Rover-Project\BK_dataset\IMG\IMG\robocam_2018_01_21_16_55_02_783.jpg;-9.042192;0;0;3.002389;109.3185;159.3848;359.5807;286.7455;359.6456
C:\Users\baike\RoboND-Rover-Project\BK_dataset\IMG\IMG\robocam_2018_01_21_16_55_02_851.jpg;-12.06276;0;0;2.9877;109.3616;159.2105;359.6229;285.2576;359.398
C:\Users\baike\RoboND-Rover-Project\BK_dataset\IMG\IMG\robocam_2018_01_21_16_55_02_917.jpg;-15;0;0;2.964839;109.3984;159.0354;359.6942;283.4207;359.0809
C:\Users\baike\RoboND-Rover-Project\BK_dataset\IMG\IMG\robocam_2018_01_21_16_55_02_983.jpg;-15;0;0;2.94867;109.4408;158.7995;359.9695;280.8043;358.7619
C:\Users\baike\RoboND-Rover-Project\BK_dataset\IMG\IMG\robocam_2018_01_21_16_55_03_049.jpg;-15;0;0;2.92782;109.4672;158.6259;0.01519359;278.7602;358.7224
C:\Users\baike\RoboND-Rover-Project\BK_dataset\IMG\IMG\robocam_2018_01_21_16_55_03_116.jpg;-15;0;0;2.915776;109.4889;158.4545;359.9442;276.7591;358.8732
C:\Users\baike\RoboND-Rover-Project\BK_dataset\IMG\IMG\robocam_2018_01_21_16_55_03_184.jpg;-11.99574;0;0;2.894922;109.5026;158.2242;359.9456;274.3372;358.9175
C:\Users\baike\RoboND-Rover-Project\BK_dataset\IMG\IMG\robocam_2018_01_21_16_55_03_250.jpg;-8.966319;0;0;2.884098;109.5081;158.0515;359.9732;272.8371;358.9213
C:\Users\baike\RoboND-Rover-Project\BK_dataset\IMG\IMG\robocam_2018_01_21_16_55_03_316.jpg;-5.965694;0;0;2.871249;109.5108;157.8793;359.9931;271.6588;358.9142
C:\Users\baike\RoboND-Rover-Project\BK_dataset\IMG\IMG\robocam_2018_01_21_16_55_03_383.jpg;-2.991729;0;0;2.86222;109.5129;157.6508;359.9922;270.7041;358.9661
C:\Users\baike\RoboND-Rover-Project\BK_dataset\IMG\IMG\robocam_2018_01_21_16_55_03_451.jpg;-0.02657309;0;0;2.85289;109.5137;157.4803;359.9713;270.3596;359.0243
C:\Users\baike\RoboND-Rover-Project\BK_dataset\IMG\IMG\robocam_2018_01_21_16_55_03_515.jpg;-4.070798;0;0;2.839977;109.5132;157.3106;359.9379;270.062;359.0734
C:\Users\baike\RoboND-Rover-Project\BK_dataset\IMG\IMG\robocam_2018_01_21_16_55_03_584.jpg;-4.223066;0;0;2.83002;109.5102;157.0853;359.8918;269.5085;359.1223
C:\Users\baike\RoboND-Rover-Project\BK_dataset\IMG\IMG\robocam_2018_01_21_16_55_03_651.jpg;1.309952;0;0;2.819987;109.5081;156.9171;359.8506;269.3022;359.1915
C:\Users\baike\RoboND-Rover-Project\BK_dataset\IMG\IMG\robocam_2018_01_21_16_55_03_716.jpg;4.475976;0;0;2.806186;109.5086;156.7497;359.7907;269.5922;359.3279
C:\Users\baike\RoboND-Rover-Project\BK_dataset\IMG\IMG\robocam_2018_01_21_16_55_03_781.jpg;7.479774;0;0;2.794729;109.5146;156.5279;359.6909;270.638;359.6325
C:\Users\baike\RoboND-Rover-Project\BK_dataset\IMG\IMG\robocam_2018_01_21_16_55_03_848.jpg;4.606283;0;0;2.783822;109.5208;156.3624;359.6158;271.3857;359.884
C:\Users\baike\RoboND-Rover-Project\BK_dataset\IMG\IMG\robocam_2018_01_21_16_55_03_914.jpg;7.590912;0;0;2.773491;109.5301;156.1978;359.5413;272.2744;0.1891225
C:\Users\baike\RoboND-Rover-Project\BK_dataset\IMG\IMG\robocam_2018_01_21_16_55_03_980.jpg;10.60429;0;0;2.755301;109.5484;155.9788;359.5227;273.9053;0.6187871
C:\Users\baike\RoboND-Rover-Project\BK_dataset\IMG\IMG\robocam_2018_01_21_16_55_04_053.jpg;13.69105;0;0;2.738498;109.5678;155.815;359.5959;275.4728;0.9539487
C:\Users\baike\RoboND-Rover-Project\BK_dataset\IMG\IMG\robocam_2018_01_21_16_55_04_117.jpg;15;0;0;2.715544;109.5916;155.6501;359.838;277.2472;1.188434
C:\Users\baike\RoboND-Rover-Project\BK_dataset\IMG\IMG\robocam_2018_01_21_16_55_04_185.jpg;15;0;0;2.69371;109.6289;155.4347;0.06743155;279.8242;1.236193
C:\Users\baike\RoboND-Rover-Project\BK_dataset\IMG\IMG\robocam_2018_01_21_16_55_04_250.jpg;15;0;0;2.685128;109.6622;155.2801;359.9681;281.8296;1.096644
C:\Users\baike\RoboND-Rover-Project\BK_dataset\IMG\IMG\robocam_2018_01_21_16_55_04_316.jpg;11.97243;0;0;2.66475;109.7039;155.1278;359.8894;283.6544;1.060065
C:\Users\baike\RoboND-Rover-Project\BK_dataset\IMG\IMG\robocam_2018_01_21_16_55_04_385.jpg;9.000814;0;0;2.655638;109.7645;154.9251;359.882;285.5694;1.001651
C:\Users\baike\RoboND-Rover-Project\BK_dataset\IMG\IMG\robocam_2018_01_21_16_55_04_451.jpg;6.024277;0;0;2.646293;109.8124;154.7739;359.9043;286.6218;0.9536209
C:\Users\baike\RoboND-Rover-Project\BK_dataset\IMG\IMG\robocam_2018_01_21_16_55_04_516.jpg;2.98292;0;0;2.635073;109.8612;154.6236;359.9122;287.338;0.9087652
C:\Users\baike\RoboND-Rover-Project\BK_dataset\IMG\IMG\robocam_2018_01_21_16_55_04_584.jpg;0.00201948;0;0;2.626584;109.9252;154.4239;359.8971;287.696;0.8028893
C:\Users\baike\RoboND-Rover-Project\BK_dataset\IMG\IMG\robocam_2018_01_21_16_55_04_647.jpg;0;0;0;2.617749;109.9727;154.275;359.8672;287.7383;0.7056419
C:\Users\baike\RoboND-Rover-Project\BK_dataset\IMG\IMG\robocam_2018_01_21_16_55_04_714.jpg;0;0;0;2.606076;110.02;154.1266;359.831;287.7455;0.5994288
C:\Users\baike\RoboND-Rover-Project\BK_dataset\IMG\IMG\robocam_2018_01_21_16_55_04_785.jpg;0;0;0;2.597371;110.083;153.9299;359.7687;287.7479;0.4570768
C:\Users\baike\RoboND-Rover-Project\BK_dataset\IMG\IMG\robocam_2018_01_21_16_55_04_851.jpg;0;0;0;2.588657;110.13;153.783;359.7152;287.7486;0.350942
C:\Users\baike\RoboND-Rover-Project\BK_dataset\IMG\IMG\robocam_2018_01_21_16_55_04_917.jpg;0;0.2004034;0;2.579564;110.1769;153.6364;359.6678;287.7475;0.2436426
C:\Users\baike\RoboND-Rover-Project\BK_dataset\IMG\IMG\robocam_2018_01_21_16_55_04_985.jpg;0;0.401579;0;2.582896;110.24;153.4398;359.6504;287.7465;0.1045558
C:\Users\baike\RoboND-Rover-Project\BK_dataset\IMG\IMG\robocam_2018_01_21_16_55_05_051.jpg;0;0.6027387;0;2.594608;110.2879;153.2906;359.686;287.7468;0.009422237
C:\Users\baike\RoboND-Rover-Project\BK_dataset\IMG\IMG\robocam_2018_01_21_16_55_05_117.jpg;0;0.8027973;0;2.624761;110.3365;153.1391;359.777;287.7473;359.9229
C:\Users\baike\RoboND-Rover-Project\BK_dataset\IMG\IMG\robocam_2018_01_21_16_55_05_185.jpg;0;0.6039817;0;2.652247;110.4025;152.9336;359.9748;287.7477;359.8227
C:\Users\baike\RoboND-Rover-Project\BK_dataset\IMG\IMG\robocam_2018_01_21_16_55_05_250.jpg;0;0.4038925;0;2.672543;110.4526;152.7778;0.147254;287.7477;359.7594
C:\Users\baike\RoboND-Rover-Project\BK_dataset\IMG\IMG\robocam_2018_01_21_16_55_05_317.jpg;0;0.206358;0;2.685484;110.503;152.6223;0.2821317;287.7589;359.7363
C:\Users\baike\RoboND-Rover-Project\BK_dataset\IMG\IMG\robocam_2018_01_21_16_55_05_383.jpg;0;0.2048728;0;2.684944;110.5697;152.4159;0.4042859;287.7706;359.7276
C:\Users\baike\RoboND-Rover-Project\BK_dataset\IMG\IMG\robocam_2018_01_21_16_55_05_447.jpg;0;0.3967785;0;2.687173;110.6198;152.2612;0.4688488;287.7798;359.7368
C:\Users\baike\RoboND-Rover-Project\BK_dataset\IMG\IMG\robocam_2018_01_21_16_55_05_516.jpg;0;0.6035649;0;2.70425;110.6701;152.1058;0.5312995;287.7903;359.758
C:\Users\baike\RoboND-Rover-Project\BK_dataset\IMG\IMG\robocam_2018_01_21_16_55_05_584.jpg;0;0.8033293;0;2.727763;110.7381;151.896;0.6395693;287.8071;359.8044
Path;SteerAngle;Throttle;Brake;Speed;X_Position;Y_Position;Pitch;Yaw;Roll
C:\Users\baike\RoboND-Rover-Project\BK_dataset\IMG\IMG\robocam_2018_01_21_16_55_05_650.jpg;0;1;0;2.759554;110.7902;151.7358;0.7548138;287.8224;359.8527
C:\Users\baike\RoboND-Rover-Project\BK_dataset\IMG\IMG\robocam_2018_01_21_16_55_05_716.jpg;0;1;0;2.813452;110.8432;151.5728;0.9028082;287.8408;359.9123
C:\Users\baike\RoboND-Rover-Project\BK_dataset\IMG\IMG\robocam_2018_01_21_16_55_05_781.jpg;0;1;0;2.854248;110.9154;151.3513;1.135742;287.8669;-0.00258372
C:\Users\baike\RoboND-Rover-Project\BK_dataset\IMG\IMG\robocam_2018_01_21_16_55_05_846.jpg;0;1;0;2.895126;110.9694;151.1819;1.318428;287.8547;-0.0009888116
C:\Users\baike\RoboND-Rover-Project\BK_dataset\IMG\IMG\robocam_2018_01_21_16_55_05_917.jpg;0;1;0;2.948739;111.0236;151.0114;1.424105;287.8364;-0.002653401
C:\Users\baike\RoboND-Rover-Project\BK_dataset\IMG\IMG\robocam_2018_01_21_16_55_05_984.jpg;0;1;0;2.995492;111.096;150.7832;1.370135;287.8037;-0.001005299
C:\Users\baike\RoboND-Rover-Project\BK_dataset\IMG\IMG\robocam_2018_01_21_16_55_06_052.jpg;0;1;0;3.039003;111.1512;150.6088;1.348017;287.7837;-0.0008684081
C:\Users\baike\RoboND-Rover-Project\BK_dataset\IMG\IMG\robocam_2018_01_21_16_55_06_118.jpg;0;1;0;3.092619;111.2072;150.4317;1.355546;287.7635;-0.000928058
C:\Users\baike\RoboND-Rover-Project\BK_dataset\IMG\IMG\robocam_2018_01_21_16_55_06_185.jpg;0;1;0;3.132752;111.283;150.1915;1.387051;287.7362;-0.001511169
C:\Users\baike\RoboND-Rover-Project\BK_dataset\IMG\IMG\robocam_2018_01_21_16_55_06_252.jpg;0;1;0;3.173294;111.3405;150.009;1.393838;287.7185;-0.001576692
C:\Users\baike\RoboND-Rover-Project\BK_dataset\IMG\IMG\robocam_2018_01_21_16_55_06_317.jpg;0;1;0;3.227754;111.3987;149.8241;1.391669;287.7053;-0.001573849
C:\Users\baike\RoboND-Rover-Project\BK_dataset\IMG\IMG\robocam_2018_01_21_16_55_06_384.jpg;0;1;0;3.268393;111.4774;149.5741;1.390144;287.6887;-0.0009891343
C:\Users\baike\RoboND-Rover-Project\BK_dataset\IMG\IMG\robocam_2018_01_21_16_55_06_450.jpg;0;1;0;3.308239;111.5371;149.3838;1.392783;287.6707;-0.001572649
C:\Users\baike\RoboND-Rover-Project\BK_dataset\IMG\IMG\robocam_2018_01_21_16_55_06_517.jpg;0;1;0;3.362423;111.5976;149.1912;1.395705;287.6556;-0.001462054
C:\Users\baike\RoboND-Rover-Project\BK_dataset\IMG\IMG\robocam_2018_01_21_16_55_06_584.jpg;0;1;0;3.401853;111.6792;148.9308;1.398876;287.6345;-0.001452675
C:\Users\baike\RoboND-Rover-Project\BK_dataset\IMG\IMG\robocam_2018_01_21_16_55_06_651.jpg;0;1;0;3.441571;111.7412;148.7328;1.403898;287.6178;-0.001514088
C:\Users\baike\RoboND-Rover-Project\BK_dataset\IMG\IMG\robocam_2018_01_21_16_55_06_718.jpg;0;1;0;3.494446;111.8039;148.5325;1.406634;287.6025;-0.001152061
C:\Users\baike\RoboND-Rover-Project\BK_dataset\IMG\IMG\robocam_2018_01_21_16_55_06_785.jpg;0;1;0;3.533875;111.8884;148.2619;1.411404;287.579;-0.001532442
C:\Users\baike\RoboND-Rover-Project\BK_dataset\IMG\IMG\robocam_2018_01_21_16_55_06_852.jpg;0;1;0;3.573179;111.9526;148.0564;1.412154;287.5632;-0.00118349
C:\Users\baike\RoboND-Rover-Project\BK_dataset\IMG\IMG\robocam_2018_01_21_16_55_06_917.jpg;0;0.8997888;0;3.625878;112.0174;147.8485;1.415925;287.5447;-0.001541959
C:\Users\baike\RoboND-Rover-Project\BK_dataset\IMG\IMG\robocam_2018_01_21_16_55_06_984.jpg;0;0.7028848;0;3.657159;112.1044;147.5688;1.409724;287.5206;-0.001026013
C:\Users\baike\RoboND-Rover-Project\BK_dataset\IMG\IMG\robocam_2018_01_21_16_55_07_051.jpg;0;0.502601;0;3.680659;112.17;147.3578;1.388715;287.498;-0.0009699182
C:\Users\baike\RoboND-Rover-Project\BK_dataset\IMG\IMG\robocam_2018_01_21_16_55_07_117.jpg;0;0.3018527;0;3.696413;112.2355;147.1467;1.34013;287.4739;-0.0008995098
C:\Users\baike\RoboND-Rover-Project\BK_dataset\IMG\IMG\robocam_2018_01_21_16_55_07_184.jpg;0;0.1003946;0;3.697609;112.3225;146.8662;1.214183;287.4421;-0.0007453916
C:\Users\baike\RoboND-Rover-Project\BK_dataset\IMG\IMG\robocam_2018_01_21_16_55_07_251.jpg;0;0;0;3.690353;112.3872;146.6573;1.068022;287.4194;-0.0005740357
C:\Users\baike\RoboND-Rover-Project\BK_dataset\IMG\IMG\robocam_2018_01_21_16_55_07_318.jpg;0;0;0;3.674807;112.4515;146.4496;0.8849266;287.3983;-0.0002640343
C:\Users\baike\RoboND-Rover-Project\BK_dataset\IMG\IMG\robocam_2018_01_21_16_55_07_385.jpg;0;0;0;3.663026;112.5367;146.1745;0.6033155;287.3738;0.002362363
C:\Users\baike\RoboND-Rover-Project\BK_dataset\IMG\IMG\robocam_2018_01_21_16_55_07_451.jpg;0;0;0;3.651229;112.6003;145.9693;0.3773784;287.3608;0.01132218
C:\Users\baike\RoboND-Rover-Project\BK_dataset\IMG\IMG\robocam_2018_01_21_16_55_07_518.jpg;0;0;0;3.635377;112.6638;145.7648;0.1485866;287.3525;0.02727163
C:\Users\baike\RoboND-Rover-Project\BK_dataset\IMG\IMG\robocam_2018_01_21_16_55_07_585.jpg;0;0;0;3.623327;112.7483;145.4927;359.8735;287.3403;0.03853577
C:\Users\baike\RoboND-Rover-Project\BK_dataset\IMG\IMG\robocam_2018_01_21_16_55_07_651.jpg;0;0;0;3.61075;112.8113;145.2886;359.7169;287.3204;0.007607254
C:\Users\baike\RoboND-Rover-Project\BK_dataset\IMG\IMG\robocam_2018_01_21_16_55_07_717.jpg;0;0;0;3.593835;112.8748;145.085;359.5803;287.3167;-0.003056538
C:\Users\baike\RoboND-Rover-Project\BK_dataset\IMG\IMG\robocam_2018_01_21_16_55_07_784.jpg;0;0;0;3.581037;112.9594;144.8141;359.4352;287.3199;-0.001556092
C:\Users\baike\RoboND-Rover-Project\BK_dataset\IMG\IMG\robocam_2018_01_21_16_55_07_851.jpg;0;0;0;3.568035;113.0227;144.6114;359.3531;287.3206;-0.001739188
C:\Users\baike\RoboND-Rover-Project\BK_dataset\IMG\IMG\robocam_2018_01_21_16_55_07_919.jpg;0;0;0;3.55174;113.0858;144.409;359.2907;287.3207;-0.002154616
C:\Users\baike\RoboND-Rover-Project\BK_dataset\IMG\IMG\robocam_2018_01_21_16_55_07_985.jpg;0;0;0;3.538472;113.1698;144.1397;359.2416;287.322;0.002322054
C:\Users\baike\RoboND-Rover-Project\BK_dataset\IMG\IMG\robocam_2018_01_21_16_55_08_052.jpg;0;0;0;3.526361;113.2325;143.9385;359.2076;287.3222;0.004748008
C:\Users\baike\RoboND-Rover-Project\BK_dataset\IMG\IMG\robocam_2018_01_21_16_55_08_116.jpg;0;0;0;3.509038;113.2951;143.7373;359.2174;287.3173;359.9938
C:\Users\baike\RoboND-Rover-Project\BK_dataset\IMG\IMG\robocam_2018_01_21_16_55_08_182.jpg;0;0;0;3.496971;113.3783;143.4702;359.2264;287.3161;359.9874
C:\Users\baike\RoboND-Rover-Project\BK_dataset\IMG\IMG\robocam_2018_01_21_16_55_08_250.jpg;-2.000057;0;0;3.485029;113.4398;143.2705;359.2309;287.217;359.9657
C:\Users\baike\RoboND-Rover-Project\BK_dataset\IMG\IMG\robocam_2018_01_21_16_55_08_318.jpg;-1.927425;0;0;3.467521;113.4994;143.0706;359.261;286.8345;359.9229
C:\Users\baike\RoboND-Rover-Project\BK_dataset\IMG\IMG\robocam_2018_01_21_16_55_08_385.jpg;0;0;0;3.455235;113.579;142.8053;359.3048;286.6451;359.8994
C:\Users\baike\RoboND-Rover-Project\BK_dataset\IMG\IMG\robocam_2018_01_21_16_55_08_452.jpg;-1.973166;0;0;3.44348;113.6376;142.607;359.3296;286.5173;359.8669
C:\Users\baike\RoboND-Rover-Project\BK_dataset\IMG\IMG\robocam_2018_01_21_16_55_08_518.jpg;0;0;0;3.427161;113.6963;142.4092;359.3683;286.4402;359.8627
C:\Users\baike\RoboND-Rover-Project\BK_dataset\IMG\IMG\robocam_2018_01_21_16_55_08_585.jpg;0;0;0;3.415144;113.7739;142.1465;359.4169;286.4177;359.8651
C:\Users\baike\RoboND-Rover-Project\BK_dataset\IMG\IMG\robocam_2018_01_21_16_55_08_652.jpg;0;0;0;3.403581;113.8318;141.9505;359.4413;286.4142;359.8673
C:\Users\baike\RoboND-Rover-Project\BK_dataset\IMG\IMG\robocam_2018_01_21_16_55_08_719.jpg;0;0;0;3.38825;113.8894;141.7552;359.456;286.4133;359.8716
C:\Users\baike\RoboND-Rover-Project\BK_dataset\IMG\IMG\robocam_2018_01_21_16_55_08_785.jpg;1.498757;0;0;3.3768;113.9666;141.4962;359.4781;286.4938;359.9122
C:\Users\baike\RoboND-Rover-Project\BK_dataset\IMG\IMG\robocam_2018_01_21_16_55_08_849.jpg;4.343306;0;0;3.364449;114.0267;141.3035;359.4911;286.8863;0.006380462
C:\Users\baike\RoboND-Rover-Project\BK_dataset\IMG\IMG\robocam_2018_01_21_16_55_08_915.jpg;1.342841;0;0;3.348519;114.0875;141.1119;359.4946;287.3198;0.1151904
C:\Users\baike\RoboND-Rover-Project\BK_dataset\IMG\IMG\robocam_2018_01_21_16_55_08_982.jpg;0;0;0;3.336967;114.167;140.8569;359.5167;287.4845;0.1848171
C:\Users\baike\RoboND-Rover-Project\BK_dataset\IMG\IMG\robocam_2018_01_21_16_55_09_052.jpg;3.150305;0;0;3.325163;114.2281;140.6669;359.5353;287.7205;0.2566181
C:\Users\baike\RoboND-Rover-Project\BK_dataset\IMG\IMG\robocam_2018_01_21_16_55_09_119.jpg;6.130872;0;0;3.30798;114.2921;140.4786;359.558;288.2951;0.3780454
C:\Users\baike\RoboND-Rover-Project\BK_dataset\IMG\IMG\robocam_2018_01_21_16_55_09_186.jpg;3.130549;0;0;3.295102;114.3797;140.2294;359.606;289.1421;0.542778
C:\Users\baike\RoboND-Rover-Project\BK_dataset\IMG\IMG\robocam_2018_01_21_16_55_09_252.jpg;0.1336379;0;0;3.283821;114.4451;140.043;359.6472;289.442;0.6167231
C:\Users\baike\RoboND-Rover-Project\BK_dataset\IMG\IMG\robocam_2018_01_21_16_55_09_318.jpg;0;0;0;3.268794;114.5101;139.8575;359.6769;289.5186;0.6629363
C:\Users\baike\RoboND-Rover-Project\BK_dataset\IMG\IMG\robocam_2018_01_21_16_55_09_382.jpg;0;0;0;3.257349;114.5967;139.6113;359.7037;289.5382;0.6955066
C:\Users\baike\RoboND-Rover-Project\BK_dataset\IMG\IMG\robocam_2018_01_21_16_55_09_453.jpg;0;0;0;3.246294;114.6614;139.4275;359.7233;289.534;0.6852992
C:\Users\baike\RoboND-Rover-Project\BK_dataset\IMG\IMG\robocam_2018_01_21_16_55_09_519.jpg;0;0;0;3.231577;114.7259;139.2445;359.7303;289.5303;0.6619368
C:\Users\baike\RoboND-Rover-Project\BK_dataset\IMG\IMG\robocam_2018_01_21_16_55_09_585.jpg;0;0;0;3.220479;114.8116;139.0018;359.7268;289.5271;0.608669
C:\Users\baike\RoboND-Rover-Project\BK_dataset\IMG\IMG\robocam_2018_01_21_16_55_09_652.jpg;0;0;0;3.209703;114.8755;138.8206;359.7172;289.5229;0.5499346
C:\Users\baike\RoboND-Rover-Project\BK_dataset\IMG\IMG\robocam_2018_01_21_16_55_09_719.jpg;0;0;0;3.195123;114.9394;138.6401;359.6985;289.5214;0.4855633
C:\Users\baike\RoboND-Rover-Project\BK_dataset\IMG\IMG\robocam_2018_01_21_16_55_09_786.jpg;0;0;0;3.184406;115.0241;138.4007;359.6619;289.5187;0.3889177
C:\Users\baike\RoboND-Rover-Project\BK_dataset\IMG\IMG\robocam_2018_01_21_16_55_09_853.jpg;0;0;0;3.173429;115.0874;138.2219;359.6339;289.516;0.3078489
C:\Users\baike\RoboND-Rover-Project\BK_dataset\IMG\IMG\robocam_2018_01_21_16_55_09_919.jpg;0;0;0;3.159176;115.1505;138.0438;359.5981;289.5157;0.2297373
C:\Users\baike\RoboND-Rover-Project\BK_dataset\IMG\IMG\robocam_2018_01_21_16_55_09_985.jpg;0;0;0;3.14851;115.2343;137.8075;359.5417;289.5161;0.1302018
C:\Users\baike\RoboND-Rover-Project\BK_dataset\IMG\IMG\robocam_2018_01_21_16_55_10_053.jpg;0;0;0;3.137854;115.2969;137.6308;359.5081;289.5109;0.04638696
C:\Users\baike\RoboND-Rover-Project\BK_dataset\IMG\IMG\robocam_2018_01_21_16_55_10_119.jpg;0;0;0;3.123237;115.3593;137.4547;359.4765;289.5088;359.9691
C:\Users\baike\RoboND-Rover-Project\BK_dataset\IMG\IMG\robocam_2018_01_21_16_55_10_186.jpg;0;0;0;3.112619;115.4429;137.2207;359.4536;289.519;359.9055
C:\Users\baike\RoboND-Rover-Project\BK_dataset\IMG\IMG\robocam_2018_01_21_16_55_10_252.jpg;0;0;0;3.101253;115.5051;137.0458;359.4432;289.5231;359.8681
C:\Users\baike\RoboND-Rover-Project\BK_dataset\IMG\IMG\robocam_2018_01_21_16_55_10_320.jpg;0;0;0;3.086548;115.5675;136.8712;359.4539;289.5334;359.8607
C:\Users\baike\RoboND-Rover-Project\BK_dataset\IMG\IMG\robocam_2018_01_21_16_55_10_386.jpg;0;0;0;3.076031;115.6499;136.6394;359.4582;289.5361;359.8473
C:\Users\baike\RoboND-Rover-Project\BK_dataset\IMG\IMG\robocam_2018_01_21_16_55_10_452.jpg;0;0;0;3.065595;115.7116;136.4662;359.4642;289.5414;359.8525
C:\Users\baike\RoboND-Rover-Project\BK_dataset\IMG\IMG\robocam_2018_01_21_16_55_10_519.jpg;0;0;0;3.051142;115.7731;136.2935;359.4775;289.5463;359.8685
C:\Users\baike\RoboND-Rover-Project\BK_dataset\IMG\IMG\robocam_2018_01_21_16_55_10_587.jpg;0;0;0;3.040802;115.8545;136.0643;359.4845;289.5475;359.8881
C:\Users\baike\RoboND-Rover-Project\BK_dataset\IMG\IMG\robocam_2018_01_21_16_55_10_653.jpg;0;0;0;3.030504;115.9153;135.8932;359.4825;289.5476;359.9036
C:\Users\baike\RoboND-Rover-Project\BK_dataset\IMG\IMG\robocam_2018_01_21_16_55_10_719.jpg;2.144622;0;0;3.01633;115.9765;135.7226;359.4951;289.598;359.948
C:\Users\baike\RoboND-Rover-Project\BK_dataset\IMG\IMG\robocam_2018_01_21_16_55_10_786.jpg;6.02596;0;0;3.004991;116.062;135.4981;359.4961;290.3022;0.10918
C:\Users\baike\RoboND-Rover-Project\BK_dataset\IMG\IMG\robocam_2018_01_21_16_55_10_853.jpg;3.554584;0;0;2.993426;116.1274;135.3308;359.5146;290.9168;0.2291834
C:\Users\baike\RoboND-Rover-Project\BK_dataset\IMG\IMG\robocam_2018_01_21_16_55_10_919.jpg;4.530879;0;0;2.978728;116.1937;135.1643;359.5467;291.4392;0.3440065
C:\Users\baike\RoboND-Rover-Project\BK_dataset\IMG\IMG\robocam_2018_01_21_16_55_10_986.jpg;7.535105;0;0;2.966362;116.2872;134.9454;359.6034;292.5596;0.5748319
C:\Users\baike\RoboND-Rover-Project\BK_dataset\IMG\IMG\robocam_2018_01_21_16_55_11_054.jpg;10.48668;0;0;2.952312;116.3621;134.7843;359.6661;293.8218;0.8116146
C:\Users\baike\RoboND-Rover-Project\BK_dataset\IMG\IMG\robocam_2018_01_21_16_55_11_122.jpg;13.55073;0;0;2.931371;116.4688;134.5721;359.877;295.9403;1.107974
C:\Users\baike\RoboND-Rover-Project\BK_dataset\IMG\IMG\robocam_2018_01_21_16_55_11_187.jpg;15;0;0;2.911473;116.554;134.4172;0.05513863;297.8802;1.256655
C:\Users\baike\RoboND-Rover-Project\BK_dataset\IMG\IMG\robocam_2018_01_21_16_55_11_253.jpg;15;0;0;2.896104;116.6396;134.2682;0.002842986;299.9269;1.224038
C:\Users\baike\RoboND-Rover-Project\BK_dataset\IMG\IMG\robocam_2018_01_21_16_55_11_320.jpg;13.50619;0;0;2.87679;116.7309;134.1233;359.9611;301.9117;1.092536
C:\Users\baike\RoboND-Rover-Project\BK_dataset\IMG\IMG\robocam_2018_01_21_16_55_11_387.jpg;10.52482;0;0;2.864091;116.8622;133.937;359.943;304.1755;1.077644
C:\Users\baike\RoboND-Rover-Project\BK_dataset\IMG\IMG\robocam_2018_01_21_16_55_11_454.jpg;7.532808;0;0;2.854376;116.9635;133.7996;359.9498;305.4929;1.072247
C:\Users\baike\RoboND-Rover-Project\BK_dataset\IMG\IMG\robocam_2018_01_21_16_55_11_520.jpg;4.495434;0;0;2.841617;117.0661;133.6632;359.9773;306.4345;1.042639
C:\Users\baike\RoboND-Rover-Project\BK_dataset\IMG\IMG\robocam_2018_01_21_16_55_11_586.jpg;1.491652;0;0;2.832327;117.2032;133.483;359.9914;307.1047;0.9813669
C:\Users\baike\RoboND-Rover-Project\BK_dataset\IMG\IMG\robocam_2018_01_21_16_55_11_653.jpg;0;0;0;2.819803;117.3052;133.3483;359.9784;307.2355;0.9044779
C:\Users\baike\RoboND-Rover-Project\BK_dataset\IMG\IMG\robocam_2018_01_21_16_55_11_720.jpg;0;0;0;2.810402;117.4068;133.2143;359.9516;307.2621;0.8129108
C:\Users\baike\RoboND-Rover-Project\BK_dataset\IMG\IMG\robocam_2018_01_21_16_55_11_787.jpg;-0.01411177;0;0;2.800656;117.5406;133.036;359.8913;307.1043;0.6549134
C:\Users\baike\RoboND-Rover-Project\BK_dataset\IMG\IMG\robocam_2018_01_21_16_55_11_852.jpg;0;0;0;2.791419;117.6409;132.9033;359.8374;307.0782;0.5395321
C:\Users\baike\RoboND-Rover-Project\BK_dataset\IMG\IMG\robocam_2018_01_21_16_55_11_919.jpg;-1.562926;0;0;2.778915;117.7406;132.771;359.7765;307.0412;0.4182899
C:\Users\baike\RoboND-Rover-Project\BK_dataset\IMG\IMG\robocam_2018_01_21_16_55_11_987.jpg;-4.548968;0;0;2.768684;117.8699;132.5933;359.6826;306.5215;0.1795973
C:\Users\baike\RoboND-Rover-Project\BK_dataset\IMG\IMG\robocam_2018_01_21_16_55_12_053.jpg;-7.562858;0;0;2.757434;117.9631;132.4585;359.606;305.6969;359.9222
C:\Users\baike\RoboND-Rover-Project\BK_dataset\IMG\IMG\robocam_2018_01_21_16_55_12_117.jpg;-7.48931;0;0;2.739721;118.0534;132.3219;359.5636;304.5845;359.6387
C:\Users\baike\RoboND-Rover-Project\BK_dataset\IMG\IMG\robocam_2018_01_21_16_55_12_183.jpg;-4.636447;0;0;2.728407;118.1722;132.1389;359.5793;303.4229;359.3277
C:\Users\baike\RoboND-Rover-Project\BK_dataset\IMG\IMG\robocam_2018_01_21_16_55_12_253.jpg;-4.706186;0;0;2.718509;118.2606;132.0009;359.6451;302.8006;359.1571
C:\Users\baike\RoboND-Rover-Project\BK_dataset\IMG\IMG\robocam_2018_01_21_16_55_12_320.jpg;-7.809315;0;0;2.701469;118.3473;131.8607;359.8153;302.0443;359.0518
C:\Users\baike\RoboND-Rover-Project\BK_dataset\IMG\IMG\robocam_2018_01_21_16_55_12_387.jpg;-10.79485;0;0;2.685716;118.4548;131.6707;0.04852127;300.3965;358.8602
C:\Users\baike\RoboND-Rover-Project\BK_dataset\IMG\IMG\robocam_2018_01_21_16_55_12_454.jpg;-7.758157;0;0;2.674268;118.532;131.5311;0.03088062;299.0915;358.8779
C:\Users\baike\RoboND-Rover-Project\BK_dataset\IMG\IMG\robocam_2018_01_21_16_55_12_520.jpg;-4.797297;0;0;2.664618;118.6056;131.3915;359.933;298.141;358.953
C:\Users\baike\RoboND-Rover-Project\BK_dataset\IMG\IMG\robocam_2018_01_21_16_55_12_587.jpg;-1.789105;0;0;2.655434;118.7024;131.2042;359.8582;297.4709;359.0898
C:\Users\baike\RoboND-Rover-Project\BK_dataset\IMG\IMG\robocam_2018_01_21_16_55_12_654.jpg;0;0;0;2.643278;118.7747;131.0643;359.7985;297.3243;359.2148
C:\Users\baike\RoboND-Rover-Project\BK_dataset\IMG\IMG\robocam_2018_01_21_16_55_12_720.jpg;0;0;0;2.634373;118.8469;130.9249;359.7364;297.2947;359.3488
C:\Users\baike\RoboND-Rover-Project\BK_dataset\IMG\IMG\robocam_2018_01_21_16_55_12_787.jpg;0;0;0;2.625421;118.9424;130.7397;359.6512;297.2876;359.5265
C:\Users\baike\RoboND-Rover-Project\BK_dataset\IMG\IMG\robocam_2018_01_21_16_55_12_854.jpg;0;0;0;2.616544;119.0137;130.6013;359.5867;297.2861;359.6563
C:\Users\baike\RoboND-Rover-Project\BK_dataset\IMG\IMG\robocam_2018_01_21_16_55_12_921.jpg;0;0;0;2.604687;119.1084;130.4175;359.5035;297.285;359.821
C:\Users\baike\RoboND-Rover-Project\BK_dataset\IMG\IMG\robocam_2018_01_21_16_55_12_988.jpg;0;0;0;2.595784;119.1791;130.28;359.4456;297.2844;359.9358
C:\Users\baike\RoboND-Rover-Project\BK_dataset\IMG\IMG\robocam_2018_01_21_16_55_13_054.jpg;0;0;0;2.586878;119.2495;130.1427;359.4038;297.278;0.02770109
C:\Users\baike\RoboND-Rover-Project\BK_dataset\IMG\IMG\robocam_2018_01_21_16_55_13_121.jpg;0;0;0;2.574125;119.3432;129.96;359.3801;297.2708;0.1212582
C:\Users\baike\RoboND-Rover-Project\BK_dataset\IMG\IMG\robocam_2018_01_21_16_55_13_187.jpg;0;0;0;2.564879;119.4133;129.823;359.3915;297.2603;0.1572202
C:\Users\baike\RoboND-Rover-Project\BK_dataset\IMG\IMG\robocam_2018_01_21_16_55_13_254.jpg;0;0;0;2.552793;119.4834;129.6866;359.4006;297.2583;0.1949836
C:\Users\baike\RoboND-Rover-Project\BK_dataset\IMG\IMG\robocam_2018_01_21_16_55_13_321.jpg;0;0;0;2.543738;119.5764;129.5051;359.4345;297.2493;0.2106653
C:\Users\baike\RoboND-Rover-Project\BK_dataset\IMG\IMG\robocam_2018_01_21_16_55_13_387.jpg;0;0;0;2.534753;119.6461;129.3696;359.4596;297.2478;0.2181735
C:\Users\baike\RoboND-Rover-Project\BK_dataset\IMG\IMG\robocam_2018_01_21_16_55_13_454.jpg;0;0;0;2.523255;119.7155;129.2346;359.4803;297.2475;0.2210164
C:\Users\baike\RoboND-Rover-Project\BK_dataset\IMG\IMG\robocam_2018_01_21_16_55_13_520.jpg;0;0;0;2.514246;119.7846;129.0999;359.5137;297.2415;0.2020163
C:\Users\baike\RoboND-Rover-Project\BK_dataset\IMG\IMG\robocam_2018_01_21_16_55_13_588.jpg;0;0;0;2.505704;119.8765;128.9212;359.5476;297.2404;0.1790427
C:\Users\baike\RoboND-Rover-Project\BK_dataset\IMG\IMG\robocam_2018_01_21_16_55_13_652.jpg;0;0;0;2.494398;119.9451;128.7878;359.5652;297.2403;0.1596913
C:\Users\baike\RoboND-Rover-Project\BK_dataset\IMG\IMG\robocam_2018_01_21_16_55_13_721.jpg;0;0;0;2.48596;120.0362;128.6109;359.5789;297.2403;0.1317758
C:\Users\baike\RoboND-Rover-Project\BK_dataset\IMG\IMG\robocam_2018_01_21_16_55_13_787.jpg;0;0;0;2.477551;120.1041;128.4787;359.5869;297.2379;0.1043586
C:\Users\baike\RoboND-Rover-Project\BK_dataset\IMG\IMG\robocam_2018_01_21_16_55_13_851.jpg;0;0;0;2.468876;120.1719;128.347;359.5972;297.2357;0.07227503
C:\Users\baike\RoboND-Rover-Project\BK_dataset\IMG\IMG\robocam_2018_01_21_16_55_13_917.jpg;0;0;0;2.457738;120.2394;128.2158;359.6013;297.2353;0.04296102
C:\Users\baike\RoboND-Rover-Project\BK_dataset\IMG\IMG\robocam_2018_01_21_16_55_13_988.jpg;0;0;0;2.449423;120.329;128.0417;359.5981;297.2353;0.006920052
C:\Users\baike\RoboND-Rover-Project\BK_dataset\IMG\IMG\robocam_2018_01_21_16_55_14_054.jpg;0;0;0;2.438374;120.396;127.9118;359.5902;297.2353;359.9825
C:\Users\baike\RoboND-Rover-Project\BK_dataset\IMG\IMG\robocam_2018_01_21_16_55_14_122.jpg;0;0;0;2.429753;120.4851;127.7391;359.5946;297.2415;359.9739
C:\Users\baike\RoboND-Rover-Project\BK_dataset\IMG\IMG\robocam_2018_01_21_16_55_14_188.jpg;0;0;0;2.421506;120.5516;127.6101;359.5914;297.242;359.9649
C:\Users\baike\RoboND-Rover-Project\BK_dataset\IMG\IMG\robocam_2018_01_21_16_55_14_254.jpg;0;0;0;2.410256;120.618;127.4816;359.5977;297.2469;359.9711
C:\Users\baike\RoboND-Rover-Project\BK_dataset\IMG\IMG\robocam_2018_01_21_16_55_14_320.jpg;0;0;0;2.402081;120.684;127.3534;359.5984;297.2476;359.9737
C:\Users\baike\RoboND-Rover-Project\BK_dataset\IMG\IMG\robocam_2018_01_21_16_55_14_388.jpg;0;0;0;2.393946;120.7716;127.1833;359.5922;297.2478;359.9773
C:\Users\baike\RoboND-Rover-Project\BK_dataset\IMG\IMG\robocam_2018_01_21_16_55_14_455.jpg;0;0;0;2.382838;120.8372;127.0562;359.5967;297.2527;359.9942
C:\Users\baike\RoboND-Rover-Project\BK_dataset\IMG\IMG\robocam_2018_01_21_16_55_14_521.jpg;0;0;0;2.374755;120.9242;126.8875;359.594;297.2534;0.008848112
C:\Users\baike\RoboND-Rover-Project\BK_dataset\IMG\IMG\robocam_2018_01_21_16_55_14_588.jpg;0;0;0;2.366709;120.989;126.7613;359.5966;297.2496;0.008093221
C:\Users\baike\RoboND-Rover-Project\BK_dataset\IMG\IMG\robocam_2018_01_21_16_55_14_654.jpg;0;0;0;2.355695;121.0537;126.6356;359.5986;297.2482;0.006947646
C:\Users\baike\RoboND-Rover-Project\BK_dataset\IMG\IMG\robocam_2018_01_21_16_55_14_722.jpg;0;0;0;2.347712;121.1396;126.4688;359.5945;297.248;0.006094462
C:\Users\baike\RoboND-Rover-Project\BK_dataset\IMG\IMG\robocam_2018_01_21_16_55_14_788.jpg;0;0;0;2.339756;121.2037;126.344;359.5973;297.2446;-0.002963401
C:\Users\baike\RoboND-Rover-Project\BK_dataset\IMG\IMG\robocam_2018_01_21_16_55_14_853.jpg;0;0;0;2.32883;121.2677;126.2197;359.6001;297.2438;359.9905
C:\Users\baike\RoboND-Rover-Project\BK_dataset\IMG\IMG\robocam_2018_01_21_16_55_14_921.jpg;0;0;0;2.320938;121.3526;126.0548;359.597;297.2437;359.9835
C:\Users\baike\RoboND-Rover-Project\BK_dataset\IMG\IMG\robocam_2018_01_21_16_55_14_988.jpg;0;0;0;2.312945;121.4163;125.9315;359.6037;297.2483;359.9928
C:\Users\baike\RoboND-Rover-Project\BK_dataset\IMG\IMG\robocam_2018_01_21_16_55_15_054.jpg;0;0;0;2.302323;121.4795;125.8087;359.6046;297.249;-0.002751224
C:\Users\baike\RoboND-Rover-Project\BK_dataset\IMG\IMG\robocam_2018_01_21_16_55_15_122.jpg;0;0;0;2.294522;121.5635;125.6457;359.5994;297.2491;0.002388897
C:\Users\baike\RoboND-Rover-Project\BK_dataset\IMG\IMG\robocam_2018_01_21_16_55_15_189.jpg;0;0;0;2.286609;121.6262;125.5237;359.6059;297.2466;-0.0011493
C:\Users\baike\RoboND-Rover-Project\BK_dataset\IMG\IMG\robocam_2018_01_21_16_55_15_254.jpg;0;0;0;2.276089;121.6887;125.4023;359.6068;297.2463;-0.001529972
C:\Users\baike\RoboND-Rover-Project\BK_dataset\IMG\IMG\robocam_2018_01_21_16_55_15_322.jpg;0;0;0;2.268376;121.7718;125.241;359.6066;297.2467;-0.0008071753
C:\Users\baike\RoboND-Rover-Project\BK_dataset\IMG\IMG\robocam_2018_01_21_16_55_15_389.jpg;0;0;0;2.260391;121.8339;125.1205;359.6109;297.2471;0.001037886
C:\Users\baike\RoboND-Rover-Project\BK_dataset\IMG\IMG\robocam_2018_01_21_16_55_15_454.jpg;0;0;0;2.250172;121.8957;125.0005;359.6107;297.2472;0.00244499
C:\Users\baike\RoboND-Rover-Project\BK_dataset\IMG\IMG\robocam_2018_01_21_16_55_15_522.jpg;0;0;0;2.242547;121.9777;124.841;359.6128;297.2437;-0.005006616
C:\Users\baike\RoboND-Rover-Project\BK_dataset\IMG\IMG\robocam_2018_01_21_16_55_15_589.jpg;0;0;0;2.234669;122.039;124.7219;359.6149;297.2427;359.9879
C:\Users\baike\RoboND-Rover-Project\BK_dataset\IMG\IMG\robocam_2018_01_21_16_55_15_654.jpg;0;0;0;2.224577;122.1001;124.6033;359.6128;297.2425;359.9822
C:\Users\baike\RoboND-Rover-Project\BK_dataset\IMG\IMG\robocam_2018_01_21_16_55_15_721.jpg;0;0;0;2.216769;122.1814;124.4457;359.6204;297.2471;359.9911
C:\Users\baike\RoboND-Rover-Project\BK_dataset\IMG\IMG\robocam_2018_01_21_16_55_15_789.jpg;0;0;0;2.209249;122.242;124.3279;359.6201;297.2474;-0.005688512
C:\Users\baike\RoboND-Rover-Project\BK_dataset\IMG\IMG\robocam_2018_01_21_16_55_15_855.jpg;0;0;0;2.199275;122.3025;124.2107;359.6199;297.2496;0.002127924
C:\Users\baike\RoboND-Rover-Project\BK_dataset\IMG\IMG\robocam_2018_01_21_16_55_15_922.jpg;0;0;0;2.191564;122.3828;124.0549;359.6228;297.2516;0.01664725
C:\Users\baike\RoboND-Rover-Project\BK_dataset\IMG\IMG\robocam_2018_01_21_16_55_15_989.jpg;0;0;0;2.184136;122.4426;123.9384;359.6247;297.2493;0.0196774
C:\Users\baike\RoboND-Rover-Project\BK_dataset\IMG\IMG\robocam_2018_01_21_16_55_16_055.jpg;0;0;0;2.174007;122.5024;123.8223;359.6293;297.2475;0.01812796
C:\Users\baike\RoboND-Rover-Project\BK_dataset\IMG\IMG\robocam_2018_01_21_16_55_16_123.jpg;0;0;0;2.166641;122.5817;123.6683;359.6286;297.2472;0.0170926
C:\Users\baike\RoboND-Rover-Project\BK_dataset\IMG\IMG\robocam_2018_01_21_16_55_16_189.jpg;0;0;0;2.159302;122.6408;123.5532;359.6311;297.244;0.007903598
C:\Users\baike\RoboND-Rover-Project\BK_dataset\IMG\IMG\robocam_2018_01_21_16_55_16_254.jpg;0;0;0;2.149303;122.6999;123.4385;359.6325;297.2431;-0.0007116816
C:\Users\baike\RoboND-Rover-Project\BK_dataset\IMG\IMG\robocam_2018_01_21_16_55_16_321.jpg;0;0;0;2.142021;122.7782;123.2863;359.6282;297.243;359.9896
C:\Users\baike\RoboND-Rover-Project\BK_dataset\IMG\IMG\robocam_2018_01_21_16_55_16_389.jpg;0;0;0;2.134659;122.837;123.1726;359.6327;297.2468;-0.005153717
C:\Users\baike\RoboND-Rover-Project\BK_dataset\IMG\IMG\robocam_2018_01_21_16_55_16_456.jpg;0;0;0;2.124861;122.8953;123.0593;359.6323;297.2474;-0.003563311
C:\Users\baike\RoboND-Rover-Project\BK_dataset\IMG\IMG\robocam_2018_01_21_16_55_16_522.jpg;1.499519;0;0;2.11766;122.9732;122.909;359.6306;297.3215;0.005402952
C:\Users\baike\RoboND-Rover-Project\BK_dataset\IMG\IMG\robocam_2018_01_21_16_55_16_590.jpg;4.473675;0;0;2.109746;123.0335;122.7978;359.6318;297.6975;0.05966458
C:\Users\baike\RoboND-Rover-Project\BK_dataset\IMG\IMG\robocam_2018_01_21_16_55_16_652.jpg;7.542181;0;0;2.097906;123.096;122.6883;359.6425;298.3901;0.1555875
C:\Users\baike\RoboND-Rover-Project\BK_dataset\IMG\IMG\robocam_2018_01_21_16_55_16_719.jpg;10.38416;0;0;2.087459;123.1613;122.5811;359.6609;299.4259;0.3074009
C:\Users\baike\RoboND-Rover-Project\BK_dataset\IMG\IMG\robocam_2018_01_21_16_55_16_790.jpg;13.36576;0;0;2.075241;123.2537;122.4424;359.7106;301.3327;0.5897473
C:\Users\baike\RoboND-Rover-Project\BK_dataset\IMG\IMG\robocam_2018_01_21_16_55_16_854.jpg;15;0;0;2.056895;123.327;122.3421;359.7688;303.0659;0.8526111
C:\Users\baike\RoboND-Rover-Project\BK_dataset\IMG\IMG\robocam_2018_01_21_16_55_16_922.jpg;15;0;0;2.045755;123.4285;122.211;359.9268;305.3798;1.149391
C:\Users\baike\RoboND-Rover-Project\BK_dataset\IMG\IMG\robocam_2018_01_21_16_55_16_989.jpg;15;0;0;2.035281;123.5057;122.1154;0.01732043;307.1;1.220173
C:\Users\baike\RoboND-Rover-Project\BK_dataset\IMG\IMG\robocam_2018_01_21_16_55_17_055.jpg;15;0;0;2.022977;123.5832;122.024;359.9695;308.7721;1.114195
C:\Users\baike\RoboND-Rover-Project\BK_dataset\IMG\IMG\robocam_2018_01_21_16_55_17_123.jpg;15;0;0;2.011394;123.6939;121.9087;359.9654;311.0656;1.068134
C:\Users\baike\RoboND-Rover-Project\BK_dataset\IMG\IMG\robocam_2018_01_21_16_55_17_190.jpg;15;0;0;2.002271;123.78;121.8257;359.9743;312.8079;1.076847
C:\Users\baike\RoboND-Rover-Project\BK_dataset\IMG\IMG\robocam_2018_01_21_16_55_17_255.jpg;11.98416;0;0;1.992121;123.8676;121.7448;359.9853;314.4055;1.089113
C:\Users\baike\RoboND-Rover-Project\BK_dataset\IMG\IMG\robocam_2018_01_21_16_55_17_323.jpg;9.013383;0;0;1.986346;123.9854;121.6386;0.002872602;316.058;1.058055
C:\Users\baike\RoboND-Rover-Project\BK_dataset\IMG\IMG\robocam_2018_01_21_16_55_17_386.jpg;5.978024;0;0;1.980837;124.0739;121.5602;359.9926;316.9399;1.021121
C:\Users\baike\RoboND-Rover-Project\BK_dataset\IMG\IMG\robocam_2018_01_21_16_55_17_452.jpg;3.112498;0;0;1.975112;124.162;121.482;359.9702;317.4834;0.9584758
C:\Users\baike\RoboND-Rover-Project\BK_dataset\IMG\IMG\robocam_2018_01_21_16_55_17_519.jpg;0.1129689;0;0;1.96681;124.2492;121.4035;359.9373;317.719;0.8617402
C:\Users\baike\RoboND-Rover-Project\BK_dataset\IMG\IMG\robocam_2018_01_21_16_55_17_589.jpg;0;0;0;1.960146;124.3644;121.2989;359.8778;317.7632;0.7030284
C:\Users\baike\RoboND-Rover-Project\BK_dataset\IMG\IMG\robocam_2018_01_21_16_55_17_655.jpg;0;0;0;1.951438;124.4504;121.2208;359.827;317.7666;0.5797235
C:\Users\baike\RoboND-Rover-Project\BK_dataset\IMG\IMG\robocam_2018_01_21_16_55_17_723.jpg;0;0;0;1.944884;124.5647;121.1171;359.7556;317.7677;0.4151597
C:\Users\baike\RoboND-Rover-Project\BK_dataset\IMG\IMG\robocam_2018_01_21_16_55_17_788.jpg;0;0;0;1.93831;124.65;121.0398;359.7017;317.7681;0.2947803
C:\Users\baike\RoboND-Rover-Project\BK_dataset\IMG\IMG\robocam_2018_01_21_16_55_17_855.jpg;0;0;0;1.929517;124.7351;120.9626;359.6496;317.7685;0.1794411
C:\Users\baike\RoboND-Rover-Project\BK_dataset\IMG\IMG\robocam_2018_01_21_16_55_17_923.jpg;0;0;0;1.922907;124.8482;120.8602;359.5851;317.7688;0.03668427
C:\Users\baike\RoboND-Rover-Project\BK_dataset\IMG\IMG\robocam_2018_01_21_16_55_17_989.jpg;0;0.2012962;0;1.917178;124.9331;120.7834;359.5506;317.7691;359.9398
C:\Users\baike\RoboND-Rover-Project\BK_dataset\IMG\IMG\robocam_2018_01_21_16_55_18_055.jpg;0;0.4006259;0;1.923514;125.019;120.7059;359.5677;317.7764;359.8734
C:\Users\baike\RoboND-Rover-Project\BK_dataset\IMG\IMG\robocam_2018_01_21_16_55_18_122.jpg;0;0.3955535;0;1.939095;125.1354;120.6007;359.6606;317.7808;359.798
C:\Users\baike\RoboND-Rover-Project\BK_dataset\IMG\IMG\robocam_2018_01_21_16_55_18_188.jpg;0;0.1962979;0;1.950869;125.2235;120.5209;359.7608;317.7816;359.7533
C:\Users\baike\RoboND-Rover-Project\BK_dataset\IMG\IMG\robocam_2018_01_21_16_55_18_255.jpg;0;0;0;1.952592;125.3116;120.4412;359.8566;317.7817;359.7173
C:\Users\baike\RoboND-Rover-Project\BK_dataset\IMG\IMG\robocam_2018_01_21_16_55_18_323.jpg;0;0;0;1.946872;125.4283;120.3355;359.9551;317.7816;359.6833
C:\Users\baike\RoboND-Rover-Project\BK_dataset\IMG\IMG\robocam_2018_01_21_16_55_18_389.jpg;0;0;0;1.940452;125.5151;120.2569;0.005020002;317.7816;359.6678
C:\Users\baike\RoboND-Rover-Project\BK_dataset\IMG\IMG\robocam_2018_01_21_16_55_18_455.jpg;0;0;0;1.931947;125.6014;120.1787;0.03533912;317.7814;359.6603
C:\Users\baike\RoboND-Rover-Project\BK_dataset\IMG\IMG\robocam_2018_01_21_16_55_18_523.jpg;0;0;0;1.9256;125.7157;120.0753;0.04257027;317.7831;359.6672
C:\Users\baike\RoboND-Rover-Project\BK_dataset\IMG\IMG\robocam_2018_01_21_16_55_18_590.jpg;0;0;0;1.919327;125.8008;119.9982;0.02914813;317.7836;359.6796
C:\Users\baike\RoboND-Rover-Project\BK_dataset\IMG\IMG\robocam_2018_01_21_16_55_18_655.jpg;0;0;0;1.910886;125.8854;119.9215;0.003706405;317.7834;359.6964
C:\Users\baike\RoboND-Rover-Project\BK_dataset\IMG\IMG\robocam_2018_01_21_16_55_18_722.jpg;0;0;0;1.904558;125.9976;119.8199;359.9579;317.7847;359.7303
C:\Users\baike\RoboND-Rover-Project\BK_dataset\IMG\IMG\robocam_2018_01_21_16_55_18_789.jpg;0;0;0;1.898152;126.0814;119.7439;359.9184;317.7859;359.7625
C:\Users\baike\RoboND-Rover-Project\BK_dataset\IMG\IMG\robocam_2018_01_21_16_55_18_856.jpg;0;0;0;1.889615;126.1649;119.6683;359.8765;317.787;359.7991
C:\Users\baike\RoboND-Rover-Project\BK_dataset\IMG\IMG\robocam_2018_01_21_16_55_18_919.jpg;0;0;0;1.883216;126.248;119.5929;359.8338;317.7882;359.8394
C:\Users\baike\RoboND-Rover-Project\BK_dataset\IMG\IMG\robocam_2018_01_21_16_55_18_989.jpg;0;0;0;1.876877;126.3585;119.4928;359.7763;317.79;359.8954
C:\Users\baike\RoboND-Rover-Project\BK_dataset\IMG\IMG\robocam_2018_01_21_16_55_19_056.jpg;0;0;0;1.868326;126.4409;119.4179;359.7339;317.7903;359.9363
C:\Users\baike\RoboND-Rover-Project\BK_dataset\IMG\IMG\robocam_2018_01_21_16_55_19_123.jpg;0;0;0;1.86194;126.5506;119.3185;359.6843;317.7925;359.9936
C:\Users\baike\RoboND-Rover-Project\BK_dataset\IMG\IMG\robocam_2018_01_21_16_55_19_189.jpg;0;0;0;1.855514;126.6324;119.244;359.6547;317.7899;0.02572707
C:\Users\baike\RoboND-Rover-Project\BK_dataset\IMG\IMG\robocam_2018_01_21_16_55_19_256.jpg;0;0;0;1.846788;126.7142;119.1698;359.6333;317.7881;0.0506493
C:\Users\baike\RoboND-Rover-Project\BK_dataset\IMG\IMG\robocam_2018_01_21_16_55_19_323.jpg;0;0;0;1.84023;126.8229;119.0709;359.6205;317.7839;0.0664828
C:\Users\baike\RoboND-Rover-Project\BK_dataset\IMG\IMG\robocam_2018_01_21_16_55_19_389.jpg;0;0;0;1.833942;126.9041;118.997;359.6148;317.7813;0.07246208
C:\Users\baike\RoboND-Rover-Project\BK_dataset\IMG\IMG\robocam_2018_01_21_16_55_19_456.jpg;0;0;0;1.825356;126.9852;118.9234;359.6145;317.7798;0.07355955
C:\Users\baike\RoboND-Rover-Project\BK_dataset\IMG\IMG\robocam_2018_01_21_16_55_19_524.jpg;0;0;0;1.819134;127.0928;118.8256;359.6159;317.7778;0.06948649
C:\Users\baike\RoboND-Rover-Project\BK_dataset\IMG\IMG\robocam_2018_01_21_16_55_19_589.jpg;0;0.09882437;0;1.812717;127.1734;118.7524;359.6248;317.7764;0.06065287
C:\Users\baike\RoboND-Rover-Project\BK_dataset\IMG\IMG\robocam_2018_01_21_16_55_19_656.jpg;0;0.3031397;0;1.813076;127.2543;118.679;359.6482;317.7763;0.05212942
C:\Users\baike\RoboND-Rover-Project\BK_dataset\IMG\IMG\robocam_2018_01_21_16_55_19_723.jpg;0;0.4985765;0;1.824232;127.3636;118.5798;359.7305;317.7762;0.04040662
C:\Users\baike\RoboND-Rover-Project\BK_dataset\IMG\IMG\robocam_2018_01_21_16_55_19_789.jpg;0;0.6987884;0;1.843576;127.4474;118.5037;359.8463;317.7762;0.03157616
C:\Users\baike\RoboND-Rover-Project\BK_dataset\IMG\IMG\robocam_2018_01_21_16_55_19_857.jpg;0;0.9005501;0;1.883788;127.5334;118.4257;0.01891207;317.7762;0.02291396
C:\Users\baike\RoboND-Rover-Project\BK_dataset\IMG\IMG\robocam_2018_01_21_16_55_19_922.jpg;0;1;0;1.92452;127.652;118.318;0.3460622;317.7761;0.01190186
C:\Users\baike\RoboND-Rover-Project\BK_dataset\IMG\IMG\robocam_2018_01_21_16_55_19_989.jpg;0;1;0;1.96776;127.7435;118.2349;0.6150035;317.774;-0.001162293
C:\Users\baike\RoboND-Rover-Project\BK_dataset\IMG\IMG\robocam_2018_01_21_16_55_20_055.jpg;0;0.7981833;0;2.023287;127.837;118.1501;0.8873711;317.7734;-0.0008328761
C:\Users\baike\RoboND-Rover-Project\BK_dataset\IMG\IMG\robocam_2018_01_21_16_55_20_123.jpg;0;0.5977873;0;2.054757;127.9629;118.0353;1.213024;317.7646;-0.0007993646
C:\Users\baike\RoboND-Rover-Project\BK_dataset\IMG\IMG\robocam_2018_01_21_16_55_20_190.jpg;0;0.3979731;0;2.077996;128.0573;117.949;1.376894;317.7533;-0.001738839
C:\Users\baike\RoboND-Rover-Project\BK_dataset\IMG\IMG\robocam_2018_01_21_16_55_20_259.jpg;0;0.1993892;0;2.098683;128.1495;117.8647;1.318071;317.7386;-0.001359674
C:\Users\baike\RoboND-Rover-Project\BK_dataset\IMG\IMG\robocam_2018_01_21_16_55_20_323.jpg;0;0;0;2.101877;128.271;117.7533;1.129455;317.7209;-0.0002490835
C:\Users\baike\RoboND-Rover-Project\BK_dataset\IMG\IMG\robocam_2018_01_21_16_55_20_389.jpg;0;0;0;2.095988;128.3614;117.6704;0.9573697;317.7081;2.350874E-05
C:\Users\baike\RoboND-Rover-Project\BK_dataset\IMG\IMG\robocam_2018_01_21_16_55_20_456.jpg;0;0;0;2.087276;128.4513;117.588;0.7687962;317.6971;0.003402648
C:\Users\baike\RoboND-Rover-Project\BK_dataset\IMG\IMG\robocam_2018_01_21_16_55_20_523.jpg;0;0;0;2.080641;128.5708;117.4788;0.5056862;317.6891;0.01999724
C:\Users\baike\RoboND-Rover-Project\BK_dataset\IMG\IMG\robocam_2018_01_21_16_55_20_590.jpg;0;0;0;2.073923;128.66;117.3974;0.3085074;317.6881;0.04070795
C:\Users\baike\RoboND-Rover-Project\BK_dataset\IMG\IMG\robocam_2018_01_21_16_55_20_655.jpg;0;0;0;2.064847;128.7491;117.3163;0.1120806;317.6882;0.06105343
C:\Users\baike\RoboND-Rover-Project\BK_dataset\IMG\IMG\robocam_2018_01_21_16_55_20_722.jpg;0;0;0;2.057937;128.8675;117.2085;359.8586;317.6884;0.08339828
C:\Users\baike\RoboND-Rover-Project\BK_dataset\IMG\IMG\robocam_2018_01_21_16_55_20_790.jpg;0;0;0;2.050899;128.9561;117.1272;359.7086;317.677;0.06724554
C:\Users\baike\RoboND-Rover-Project\BK_dataset\IMG\IMG\robocam_2018_01_21_16_55_20_856.jpg;0;0;0;2.040854;129.0449;117.046;359.5849;317.6694;0.04515501
C:\Users\baike\RoboND-Rover-Project\BK_dataset\IMG\IMG\robocam_2018_01_21_16_55_20_923.jpg;0;0;0;2.033613;129.1633;116.9379;359.4582;317.662;0.005646297
C:\Users\baike\RoboND-Rover-Project\BK_dataset\IMG\IMG\robocam_2018_01_21_16_55_20_990.jpg;0;0;0;2.026153;129.2524;116.857;359.3928;317.6648;359.9875
C:\Users\baike\RoboND-Rover-Project\BK_dataset\IMG\IMG\robocam_2018_01_21_16_55_21_056.jpg;0;0;0;2.016183;129.3413;116.7761;359.351;317.668;359.9785
C:\Users\baike\RoboND-Rover-Project\BK_dataset\IMG\IMG\robocam_2018_01_21_16_55_21_123.jpg;0;0;0;2.009166;129.4599;116.6684;359.326;317.6748;359.982
C:\Users\baike\RoboND-Rover-Project\BK_dataset\IMG\IMG\robocam_2018_01_21_16_55_21_190.jpg;0;0;0;2.001603;129.5486;116.5877;359.325;317.6765;359.9872
C:\Users\baike\RoboND-Rover-Project\BK_dataset\IMG\IMG\robocam_2018_01_21_16_55_21_257.jpg;0;0;0;1.992346;129.6371;116.5071;359.3305;317.6766;359.9915
C:\Users\baike\RoboND-Rover-Project\BK_dataset\IMG\IMG\robocam_2018_01_21_16_55_21_323.jpg;0;0;0;1.985445;129.7549;116.4001;359.3581;317.6815;0.009576071
C:\Users\baike\RoboND-Rover-Project\BK_dataset\IMG\IMG\robocam_2018_01_21_16_55_21_390.jpg;0;0;0;1.978103;129.843;116.3199;359.3895;317.6827;0.02415796
C:\Users\baike\RoboND-Rover-Project\BK_dataset\IMG\IMG\robocam_2018_01_21_16_55_21_456.jpg;0;0;0;1.969022;129.9307;116.24;359.422;317.6829;0.03640802
C:\Users\baike\RoboND-Rover-Project\BK_dataset\IMG\IMG\robocam_2018_01_21_16_55_21_523.jpg;0;0;0;1.962261;130.0473;116.1337;359.4698;317.6803;0.0439334
C:\Users\baike\RoboND-Rover-Project\BK_dataset\IMG\IMG\robocam_2018_01_21_16_55_21_587.jpg;0;0;0;1.955191;130.1344;116.0542;359.5128;317.6784;0.0418045
C:\Users\baike\RoboND-Rover-Project\BK_dataset\IMG\IMG\robocam_2018_01_21_16_55_21_654.jpg;0;0;0;1.946292;130.2212;115.9751;359.552;317.6782;0.04012309
C:\Users\baike\RoboND-Rover-Project\BK_dataset\IMG\IMG\robocam_2018_01_21_16_55_21_723.jpg;0;0;0;1.939674;130.3365;115.8702;359.5969;317.6781;0.03694962
C:\Users\baike\RoboND-Rover-Project\BK_dataset\IMG\IMG\robocam_2018_01_21_16_55_21_790.jpg;0;0;0;1.933091;130.4225;115.7918;359.6245;317.6781;0.0339512
C:\Users\baike\RoboND-Rover-Project\BK_dataset\IMG\IMG\robocam_2018_01_21_16_55_21_857.jpg;0;0;0;1.924365;130.5081;115.7138;359.6467;317.6781;0.0305417
C:\Users\baike\RoboND-Rover-Project\BK_dataset\IMG\IMG\robocam_2018_01_21_16_55_21_923.jpg;0;0;0;1.917854;130.6218;115.6103;359.668;317.6781;0.02554141
C:\Users\baike\RoboND-Rover-Project\BK_dataset\IMG\IMG\robocam_2018_01_21_16_55_21_990.jpg;0;0;0;1.911368;130.7066;115.5331;359.6779;317.6781;0.02157986
C:\Users\baike\RoboND-Rover-Project\BK_dataset\IMG\IMG\robocam_2018_01_21_16_55_22_057.jpg;0;0;0;1.902755;130.7911;115.4562;359.6829;317.6781;0.01754364
C:\Users\baike\RoboND-Rover-Project\BK_dataset\IMG\IMG\robocam_2018_01_21_16_55_22_123.jpg;0;0;0;1.896158;130.9033;115.3539;359.6932;317.6753;0.002635116
C:\Users\baike\RoboND-Rover-Project\BK_dataset\IMG\IMG\robocam_2018_01_21_16_55_22_190.jpg;0;0;0;1.889743;130.987;115.2776;359.6951;317.6752;-0.00567414
C:\Users\baike\RoboND-Rover-Project\BK_dataset\IMG\IMG\robocam_2018_01_21_16_55_22_256.jpg;0;0;0;1.881226;131.0705;115.2017;359.6957;317.6768;359.9907
C:\Users\baike\RoboND-Rover-Project\BK_dataset\IMG\IMG\robocam_2018_01_21_16_55_22_322.jpg;0;0;0;1.874682;131.1814;115.1008;359.6971;317.6781;359.9902
C:\Users\baike\RoboND-Rover-Project\BK_dataset\IMG\IMG\robocam_2018_01_21_16_55_22_390.jpg;0;0;0;1.868339;131.2642;115.0254;359.6934;317.6782;359.9896
C:\Users\baike\RoboND-Rover-Project\BK_dataset\IMG\IMG\robocam_2018_01_21_16_55_22_456.jpg;0;0;0;1.859851;131.3467;114.9504;359.6923;317.6806;-0.00432061
C:\Users\baike\RoboND-Rover-Project\BK_dataset\IMG\IMG\robocam_2018_01_21_16_55_22_523.jpg;0;0.1041443;0;1.853442;131.4563;114.8506;359.6905;317.6812;0.002398512
C:\Users\baike\RoboND-Rover-Project\BK_dataset\IMG\IMG\robocam_2018_01_21_16_55_22_590.jpg;0;0.2999672;0;1.852731;131.5388;114.7755;359.705;317.6812;0.006695702
C:\Users\baike\RoboND-Rover-Project\BK_dataset\IMG\IMG\robocam_2018_01_21_16_55_22_654.jpg;0;0.4959245;0;1.866657;131.6223;114.6995;359.7515;317.6812;0.01046429
C:\Users\baike\RoboND-Rover-Project\BK_dataset\IMG\IMG\robocam_2018_01_21_16_55_22_724.jpg;0;0.691046;0;1.887385;131.7359;114.596;359.8859;317.6812;0.01461888
C:\Users\baike\RoboND-Rover-Project\BK_dataset\IMG\IMG\robocam_2018_01_21_16_55_22_787.jpg;0;0.9004253;0;1.916202;131.8236;114.5161;0.05312144;317.6812;0.01706782
C:\Users\baike\RoboND-Rover-Project\BK_dataset\IMG\IMG\robocam_2018_01_21_16_55_22_852.jpg;0;1;0;1.969298;131.9138;114.4338;0.2781316;317.6784;0.01283065
C:\Users\baike\RoboND-Rover-Project\BK_dataset\IMG\IMG\robocam_2018_01_21_16_55_22_919.jpg;0;1;0;2.012685;132.0062;114.3495;0.5264335;317.6749;-0.001008336
C:\Users\baike\RoboND-Rover-Project\BK_dataset\IMG\IMG\robocam_2018_01_21_16_55_22_986.jpg;0;1;0;2.05623;132.1329;114.2341;0.8804433;317.6735;-0.0008138223
C:\Users\baike\RoboND-Rover-Project\BK_dataset\IMG\IMG\robocam_2018_01_21_16_55_23_057.jpg;0;1;0;2.099935;132.23;114.1453;1.15002;317.667;-0.0008886372
C:\Users\baike\RoboND-Rover-Project\BK_dataset\IMG\IMG\robocam_2018_01_21_16_55_23_124.jpg;0;1;0;2.157521;132.3612;114.0251;1.419843;317.6503;-0.00303914
C:\Users\baike\RoboND-Rover-Project\BK_dataset\IMG\IMG\robocam_2018_01_21_16_55_23_190.jpg;0;1;0;2.197277;132.4583;113.936;1.330263;317.6184;-0.001387009
C:\Users\baike\RoboND-Rover-Project\BK_dataset\IMG\IMG\robocam_2018_01_21_16_55_23_258.jpg;0;1;0;2.271565;132.5576;113.8446;1.249262;317.5993;-0.00057526
C:\Users\baike\RoboND-Rover-Project\BK_dataset\IMG\IMG\robocam_2018_01_21_16_55_23_324.jpg;0;1;0;2.314134;132.6939;113.7191;1.215389;317.5793;-0.0006700429
C:\Users\baike\RoboND-Rover-Project\BK_dataset\IMG\IMG\robocam_2018_01_21_16_55_23_391.jpg;0;1;0;2.356656;132.7988;113.6225;1.235913;317.5651;-0.0007000972
C:\Users\baike\RoboND-Rover-Project\BK_dataset\IMG\IMG\robocam_2018_01_21_16_55_23_458.jpg;0;1;0;2.413313;132.906;113.5237;1.287362;317.5507;-0.0007922884
C:\Users\baike\RoboND-Rover-Project\BK_dataset\IMG\IMG\robocam_2018_01_21_16_55_23_524.jpg;0;0.7991089;0;2.452414;133.0514;113.3897;1.348462;317.5313;-0.00130797
C:\Users\baike\RoboND-Rover-Project\BK_dataset\IMG\IMG\robocam_2018_01_21_16_55_23_591.jpg;0;0.6018865;0;2.485363;133.1612;113.2884;1.326314;317.5167;-0.001275613
C:\Users\baike\RoboND-Rover-Project\BK_dataset\IMG\IMG\robocam_2018_01_21_16_55_23_657.jpg;0;0.3972696;0;2.514676;133.2715;113.1865;1.284013;317.5031;-0.0006252259
C:\Users\baike\RoboND-Rover-Project\BK_dataset\IMG\IMG\robocam_2018_01_21_16_55_23_724.jpg;0;0.1995426;0;2.524255;133.4187;113.0504;1.194036;317.4823;-0.0004915869
C:\Users\baike\RoboND-Rover-Project\BK_dataset\IMG\IMG\robocam_2018_01_21_16_55_23_791.jpg;0;0;0;2.525474;133.5286;112.9489;1.088901;317.467;-0.0003703378
C:\Users\baike\RoboND-Rover-Project\BK_dataset\IMG\IMG\robocam_2018_01_21_16_55_23_857.jpg;0;0;0;2.515593;133.6377;112.848;0.9493797;317.4528;-0.0001828127
C:\Users\baike\RoboND-Rover-Project\BK_dataset\IMG\IMG\robocam_2018_01_21_16_55_23_923.jpg;0;0;0;2.507696;133.7821;112.7145;0.7266748;317.4352;0.0005985701
C:\Users\baike\RoboND-Rover-Project\BK_dataset\IMG\IMG\robocam_2018_01_21_16_55_23_991.jpg;0;0;0;2.499727;133.8898;112.615;0.5434949;317.4255;0.007047591
C:\Users\baike\RoboND-Rover-Project\BK_dataset\IMG\IMG\robocam_2018_01_21_16_55_24_058.jpg;0;0.2008815;0;2.491486;133.9974;112.5158;0.3608755;317.4196;0.02006353
C:\Users\baike\RoboND-Rover-Project\BK_dataset\IMG\IMG\robocam_2018_01_21_16_55_24_124.jpg;0;0.4017863;0;2.495605;134.1418;112.3829;0.1575825;317.416;0.04335511
C:\Users\baike\RoboND-Rover-Project\BK_dataset\IMG\IMG\robocam_2018_01_21_16_55_24_191.jpg;0;0.6020321;0;2.50782;134.2515;112.2819;0.05713924;317.4146;0.06084601
C:\Users\baike\RoboND-Rover-Project\BK_dataset\IMG\IMG\robocam_2018_01_21_16_55_24_258.jpg;0;0.8017098;0;2.538497;134.3631;112.1792;0.01539929;317.4126;0.07367873
C:\Users\baike\RoboND-Rover-Project\BK_dataset\IMG\IMG\robocam_2018_01_21_16_55_24_324.jpg;0;1;0;2.571922;134.5155;112.0389;0.06395894;317.4077;0.076706
C:\Users\baike\RoboND-Rover-Project\BK_dataset\IMG\IMG\robocam_2018_01_21_16_55_24_391.jpg;0;0.8006873;0;2.611123;134.6325;111.931;0.1672695;317.4026;0.06592086
C:\Users\baike\RoboND-Rover-Project\BK_dataset\IMG\IMG\robocam_2018_01_21_16_55_24_457.jpg;0;0.6020706;0;2.650159;134.751;111.8217;0.2981596;317.3961;0.04473471
C:\Users\baike\RoboND-Rover-Project\BK_dataset\IMG\IMG\robocam_2018_01_21_16_55_24_525.jpg;0;0.3999915;0;2.669076;134.9103;111.6747;0.4734032;317.3852;0.004061966
C:\Users\baike\RoboND-Rover-Project\BK_dataset\IMG\IMG\robocam_2018_01_21_16_55_24_592.jpg;0;0.2011379;0;2.679764;135.0301;111.5647;0.5757765;317.3883;-0.001346469
C:\Users\baike\RoboND-Rover-Project\BK_dataset\IMG\IMG\robocam_2018_01_21_16_55_24_658.jpg;-2.088979;0;0;2.679346;135.1492;111.4551;0.636143;317.3521;-0.002823016
C:\Users\baike\RoboND-Rover-Project\BK_dataset\IMG\IMG\robocam_2018_01_21_16_55_24_725.jpg;0;0;0;2.671446;135.3064;111.3103;0.6438417;317.2957;-0.001402332
C:\Users\baike\RoboND-Rover-Project\BK_dataset\IMG\IMG\robocam_2018_01_21_16_55_24_791.jpg;0;0;0;2.662915;135.4233;111.2027;0.603747;317.2929;-0.001385178
C:\Users\baike\RoboND-Rover-Project\BK_dataset\IMG\IMG\robocam_2018_01_21_16_55_24_857.jpg;-1.498932;0;0;2.651524;135.5393;111.0957;0.532797;317.2674;-0.002924248
C:\Users\baike\RoboND-Rover-Project\BK_dataset\IMG\IMG\robocam_2018_01_21_16_55_24_925.jpg;-4.502983;0;0;2.642436;135.6905;110.9516;0.3926867;316.7733;359.933
C:\Users\baike\RoboND-Rover-Project\BK_dataset\IMG\IMG\robocam_2018_01_21_16_55_24_991.jpg;-4.523214;0;0;2.632539;135.8011;110.8424;0.2577578;316.1353;359.8364
C:\Users\baike\RoboND-Rover-Project\BK_dataset\IMG\IMG\robocam_2018_01_21_16_55_25_057.jpg;-1.52662;0;0;2.62127;135.911;110.7335;0.1101919;315.6743;359.7466
C:\Users\baike\RoboND-Rover-Project\BK_dataset\IMG\IMG\robocam_2018_01_21_16_55_25_125.jpg;0;0;0;2.612785;136.0581;110.5899;359.9219;315.5343;359.6842
C:\Users\baike\RoboND-Rover-Project\BK_dataset\IMG\IMG\robocam_2018_01_21_16_55_25_191.jpg;0;0;0;2.603737;136.1684;110.4823;359.808;315.5292;359.67
C:\Users\baike\RoboND-Rover-Project\BK_dataset\IMG\IMG\robocam_2018_01_21_16_55_25_258.jpg;-1.49836;0;0;2.591403;136.2785;110.3747;359.7194;315.508;359.6768
C:\Users\baike\RoboND-Rover-Project\BK_dataset\IMG\IMG\robocam_2018_01_21_16_55_25_325.jpg;-4.506998;0;0;2.581629;136.4223;110.229;359.627;315.0169;359.63
C:\Users\baike\RoboND-Rover-Project\BK_dataset\IMG\IMG\robocam_2018_01_21_16_55_25_393.jpg;-4.508156;0;0;2.570944;136.528;110.118;359.5825;314.3843;359.5659
C:\Users\baike\RoboND-Rover-Project\BK_dataset\IMG\IMG\robocam_2018_01_21_16_55_25_458.jpg;-1.494457;0;0;2.558609;136.6334;110.0071;359.5565;313.9309;359.5282
C:\Users\baike\RoboND-Rover-Project\BK_dataset\IMG\IMG\robocam_2018_01_21_16_55_25_525.jpg;0;0;0;2.549714;136.7744;109.8605;359.531;313.7921;359.5376
C:\Users\baike\RoboND-Rover-Project\BK_dataset\IMG\IMG\robocam_2018_01_21_16_55_25_591.jpg;0;0;0;2.540605;136.8798;109.7509;359.5218;313.7805;359.5636
C:\Users\baike\RoboND-Rover-Project\BK_dataset\IMG\IMG\robocam_2018_01_21_16_55_25_658.jpg;0;0;0;2.529076;136.9847;109.6415;359.5104;313.7781;359.5935
C:\Users\baike\RoboND-Rover-Project\BK_dataset\IMG\IMG\robocam_2018_01_21_16_55_25_725.jpg;-3.006781;0;0;2.519914;137.1229;109.4949;359.516;313.5096;359.6161
C:\Users\baike\RoboND-Rover-Project\BK_dataset\IMG\IMG\robocam_2018_01_21_16_55_25_792.jpg;-6.001343;0;0;2.510545;137.2237;109.3831;359.5245;312.9154;359.5739
C:\Users\baike\RoboND-Rover-Project\BK_dataset\IMG\IMG\robocam_2018_01_21_16_55_25_858.jpg;-8.977087;0;0;2.495958;137.3215;109.2693;359.5466;311.9739;359.4783
C:\Users\baike\RoboND-Rover-Project\BK_dataset\IMG\IMG\robocam_2018_01_21_16_55_25_925.jpg;-5.95036;0;0;2.485433;137.4487;109.1158;359.5937;310.6879;359.3293
C:\Users\baike\RoboND-Rover-Project\BK_dataset\IMG\IMG\robocam_2018_01_21_16_55_25_991.jpg;-2.968;0;0;2.477014;137.5438;109.0007;359.6492;310.0626;359.2658
C:\Users\baike\RoboND-Rover-Project\BK_dataset\IMG\IMG\robocam_2018_01_21_16_55_26_058.jpg;0;0;0;2.46553;137.6391;108.8861;359.7171;309.7807;359.2565
C:\Users\baike\RoboND-Rover-Project\BK_dataset\IMG\IMG\robocam_2018_01_21_16_55_26_125.jpg;-3.012477;0;0;2.456782;137.7641;108.733;359.7922;309.4403;359.2404
C:\Users\baike\RoboND-Rover-Project\BK_dataset\IMG\IMG\robocam_2018_01_21_16_55_26_192.jpg;-6.024288;0;0;2.447679;137.8548;108.6168;359.8408;308.8356;359.185
C:\Users\baike\RoboND-Rover-Project\BK_dataset\IMG\IMG\robocam_2018_01_21_16_55_26_258.jpg;-5.999979;0;0;2.433675;137.9426;108.4993;359.89;307.9554;359.0999
C:\Users\baike\RoboND-Rover-Project\BK_dataset\IMG\IMG\robocam_2018_01_21_16_55_26_326.jpg;-3.001021;0;0;2.42573;138.0585;108.343;359.9408;307.1232;359.0277
C:\Users\baike\RoboND-Rover-Project\BK_dataset\IMG\IMG\robocam_2018_01_21_16_55_26_393.jpg;0;0;0;2.417812;138.1456;108.2269;359.9612;306.9;359.0274
C:\Users\baike\RoboND-Rover-Project\BK_dataset\IMG\IMG\robocam_2018_01_21_16_55_26_458.jpg;0;0;0;2.407027;138.2326;108.1115;359.9672;306.8622;359.0597
C:\Users\baike\RoboND-Rover-Project\BK_dataset\IMG\IMG\robocam_2018_01_21_16_55_26_524.jpg;-2.989057;0;0;2.39887;138.3463;107.9572;359.9626;306.5843;359.0904
C:\Users\baike\RoboND-Rover-Project\BK_dataset\IMG\IMG\robocam_2018_01_21_16_55_26_592.jpg;-6.009912;0;0;2.389992;138.4285;107.8403;359.9549;305.9974;359.072
C:\Users\baike\RoboND-Rover-Project\BK_dataset\IMG\IMG\robocam_2018_01_21_16_55_26_656.jpg;-5.998408;0;0;2.376591;138.5079;107.7221;359.9525;305.1344;359.0254
C:\Users\baike\RoboND-Rover-Project\BK_dataset\IMG\IMG\robocam_2018_01_21_16_55_26_726.jpg;-3.040786;0;0;2.368926;138.6129;107.5649;359.9456;304.3112;359.006
C:\Users\baike\RoboND-Rover-Project\BK_dataset\IMG\IMG\robocam_2018_01_21_16_55_26_790.jpg;-0.01550306;0;0;2.361184;138.692;107.4479;359.9359;304.0912;359.0477
C:\Users\baike\RoboND-Rover-Project\BK_dataset\IMG\IMG\robocam_2018_01_21_16_55_26_858.jpg;0;0;0;2.350412;138.771;107.3315;359.9175;304.0558;359.1177
C:\Users\baike\RoboND-Rover-Project\BK_dataset\IMG\IMG\robocam_2018_01_21_16_55_26_926.jpg;0;0;0;2.342556;138.8757;107.177;359.8797;304.05;359.2291
C:\Users\baike\RoboND-Rover-Project\BK_dataset\IMG\IMG\robocam_2018_01_21_16_55_26_992.jpg;-2.997847;0;0;2.334666;138.9526;107.0608;359.8471;303.839;359.2919
C:\Users\baike\RoboND-Rover-Project\BK_dataset\IMG\IMG\robocam_2018_01_21_16_55_27_058.jpg;-6.033443;0;0;2.323231;139.027;106.9437;359.817;303.3131;359.3146
C:\Users\baike\RoboND-Rover-Project\BK_dataset\IMG\IMG\robocam_2018_01_21_16_55_27_126.jpg;-8.992812;0;0;2.313347;139.121;106.7854;359.7881;302.0568;359.2625
C:\Users\baike\RoboND-Rover-Project\BK_dataset\IMG\IMG\robocam_2018_01_21_16_55_27_192.jpg;-5.982049;0;0;2.303546;139.1895;106.666;359.7762;301.1267;359.2134
C:\Users\baike\RoboND-Rover-Project\BK_dataset\IMG\IMG\robocam_2018_01_21_16_55_27_259.jpg;-2.994309;0;0;2.293712;139.2576;106.5467;359.7681;300.4861;359.1913
C:\Users\baike\RoboND-Rover-Project\BK_dataset\IMG\IMG\robocam_2018_01_21_16_55_27_326.jpg;0;0;0;2.286142;139.349;106.3888;359.7536;300.1818;359.2296
C:\Users\baike\RoboND-Rover-Project\BK_dataset\IMG\IMG\robocam_2018_01_21_16_55_27_393.jpg;-1.520496;0;0;2.278303;139.4172;106.2709;359.7391;300.0759;359.2752
C:\Users\baike\RoboND-Rover-Project\BK_dataset\IMG\IMG\robocam_2018_01_21_16_55_27_460.jpg;-4.502682;0;0;2.267461;139.4834;106.1523;359.7292;299.7333;359.2941
C:\Users\baike\RoboND-Rover-Project\BK_dataset\IMG\IMG\robocam_2018_01_21_16_55_27_525.jpg;-7.499831;0;0;2.258093;139.567;105.9926;359.7259;298.7357;359.2469
C:\Users\baike\RoboND-Rover-Project\BK_dataset\IMG\IMG\robocam_2018_01_21_16_55_27_593.jpg;-4.484085;0;0;2.248999;139.6281;105.8725;359.7319;298.007;359.216
C:\Users\baike\RoboND-Rover-Project\BK_dataset\IMG\IMG\robocam_2018_01_21_16_55_27_658.jpg;-1.490316;0;0;2.239168;139.6893;105.7529;359.7413;297.569;359.2217
C:\Users\baike\RoboND-Rover-Project\BK_dataset\IMG\IMG\robocam_2018_01_21_16_55_27_724.jpg;0;0;0;2.231539;139.7717;105.5947;359.7411;297.452;359.2879
C:\Users\baike\RoboND-Rover-Project\BK_dataset\IMG\IMG\robocam_2018_01_21_16_55_27_789.jpg;0;0;0;2.223897;139.8333;105.4765;359.7368;297.4433;359.3539
C:\Users\baike\RoboND-Rover-Project\BK_dataset\IMG\IMG\robocam_2018_01_21_16_55_27_859.jpg;0;0;0;2.213954;139.8945;105.3589;359.7254;297.4417;359.4258
C:\Users\baike\RoboND-Rover-Project\BK_dataset\IMG\IMG\robocam_2018_01_21_16_55_27_926.jpg;0;0;0;2.206515;139.9756;105.2027;359.7012;297.441;359.529
C:\Users\baike\RoboND-Rover-Project\BK_dataset\IMG\IMG\robocam_2018_01_21_16_55_27_992.jpg;0;0;0;2.199085;140.0363;105.0861;359.6833;297.443;359.6151
C:\Users\baike\RoboND-Rover-Project\BK_dataset\IMG\IMG\robocam_2018_01_21_16_55_28_059.jpg;0;0;0;2.18904;140.0966;104.9698;359.6638;297.4434;359.7011
C:\Users\baike\RoboND-Rover-Project\BK_dataset\IMG\IMG\robocam_2018_01_21_16_55_28_125.jpg;0;0;0;2.181628;140.1767;104.8154;359.6335;297.4432;359.8123
C:\Users\baike\RoboND-Rover-Project\BK_dataset\IMG\IMG\robocam_2018_01_21_16_55_28_193.jpg;0;0;0;2.174222;140.2365;104.7002;359.6089;297.4431;359.8914
C:\Users\baike\RoboND-Rover-Project\BK_dataset\IMG\IMG\robocam_2018_01_21_16_55_28_259.jpg;0;0;0;2.164361;140.2961;104.5853;359.5838;297.4429;359.9655
C:\Users\baike\RoboND-Rover-Project\BK_dataset\IMG\IMG\robocam_2018_01_21_16_55_28_327.jpg;0;0;0;2.156976;140.3752;104.4327;359.5509;297.4428;0.05454541
C:\Users\baike\RoboND-Rover-Project\BK_dataset\IMG\IMG\robocam_2018_01_21_16_55_28_393.jpg;0;0;0;2.149397;140.4342;104.3182;359.5484;297.4352;0.09193125
C:\Users\baike\RoboND-Rover-Project\BK_dataset\IMG\IMG\robocam_2018_01_21_16_55_28_459.jpg;0;0;0;2.139151;140.4931;104.2041;359.5533;297.4297;0.1196951
C:\Users\baike\RoboND-Rover-Project\BK_dataset\IMG\IMG\robocam_2018_01_21_16_55_28_526.jpg;0;0;0;2.131628;140.5715;104.0526;359.5623;297.4281;0.1497407
C:\Users\baike\RoboND-Rover-Project\BK_dataset\IMG\IMG\robocam_2018_01_21_16_55_28_593.jpg;0;0;0;2.124365;140.6301;103.9393;359.5766;297.4235;0.1555595
C:\Users\baike\RoboND-Rover-Project\BK_dataset\IMG\IMG\robocam_2018_01_21_16_55_28_659.jpg;0;0;0;2.114402;140.6886;103.8264;359.5903;297.4224;0.1587433
C:\Users\baike\RoboND-Rover-Project\BK_dataset\IMG\IMG\robocam_2018_01_21_16_55_28_727.jpg;0;0;0;2.107223;140.7662;103.6766;359.6065;297.42;0.153144
C:\Users\baike\RoboND-Rover-Project\BK_dataset\IMG\IMG\robocam_2018_01_21_16_55_28_793.jpg;0;0;0;2.099814;140.8242;103.5646;359.6218;297.4182;0.1404397
C:\Users\baike\RoboND-Rover-Project\BK_dataset\IMG\IMG\robocam_2018_01_21_16_55_28_860.jpg;0;0;0;2.090326;140.882;103.4531;359.632;297.418;0.1270533
C:\Users\baike\RoboND-Rover-Project\BK_dataset\IMG\IMG\robocam_2018_01_21_16_55_28_926.jpg;0;0;0;2.083248;140.9588;103.3051;359.6385;297.4179;0.1072711
C:\Users\baike\RoboND-Rover-Project\BK_dataset\IMG\IMG\robocam_2018_01_21_16_55_28_990.jpg;0;0;0;2.076195;141.016;103.1946;359.6421;297.416;0.08701154
C:\Users\baike\RoboND-Rover-Project\BK_dataset\IMG\IMG\robocam_2018_01_21_16_55_29_059.jpg;0;0;0;2.066614;141.0731;103.0844;359.6473;297.4146;0.06358278
C:\Users\baike\RoboND-Rover-Project\BK_dataset\IMG\IMG\robocam_2018_01_21_16_55_29_127.jpg;0;0;0;2.059614;141.149;102.9382;359.6475;297.4144;0.03481795
C:\Users\baike\RoboND-Rover-Project\BK_dataset\IMG\IMG\robocam_2018_01_21_16_55_29_193.jpg;0;0;0;2.052638;141.2056;102.8291;359.6433;297.4144;0.01469513
C:\Users\baike\RoboND-Rover-Project\BK_dataset\IMG\IMG\robocam_2018_01_21_16_55_29_260.jpg;0;0;0;2.043366;141.262;102.7204;359.636;297.4144;-0.003883948
C:\Users\baike\RoboND-Rover-Project\BK_dataset\IMG\IMG\robocam_2018_01_21_16_55_29_327.jpg;0;0;0;2.036171;141.3371;102.5759;359.6377;297.4185;359.9884
C:\Users\baike\RoboND-Rover-Project\BK_dataset\IMG\IMG\robocam_2018_01_21_16_55_29_393.jpg;0;0;0;2.029254;141.3931;102.468;359.6348;297.4188;359.981
C:\Users\baike\RoboND-Rover-Project\BK_dataset\IMG\IMG\robocam_2018_01_21_16_55_29_457.jpg;0;0;0;2.019847;141.4491;102.3605;359.6393;297.4221;359.9847
C:\Users\baike\RoboND-Rover-Project\BK_dataset\IMG\IMG\robocam_2018_01_21_16_55_29_527.jpg;0;0;0;2.01299;141.5232;102.2176;359.6396;297.4226;359.9862
C:\Users\baike\RoboND-Rover-Project\BK_dataset\IMG\IMG\robocam_2018_01_21_16_55_29_593.jpg;0;0;0;2.006163;141.5786;102.1109;359.6361;297.4226;359.9875
C:\Users\baike\RoboND-Rover-Project\BK_dataset\IMG\IMG\robocam_2018_01_21_16_55_29_660.jpg;0;0;0;1.996875;141.6339;102.0046;359.6402;297.4261;-0.0008805113
C:\Users\baike\RoboND-Rover-Project\BK_dataset\IMG\IMG\robocam_2018_01_21_16_55_29_727.jpg;0;0;0;1.990096;141.7072;101.8633;359.6395;297.4265;0.008945871
C:\Users\baike\RoboND-Rover-Project\BK_dataset\IMG\IMG\robocam_2018_01_21_16_55_29_793.jpg;0;0;0;1.983345;141.7618;101.7578;359.6427;297.4236;0.007524373
C:\Users\baike\RoboND-Rover-Project\BK_dataset\IMG\IMG\robocam_2018_01_21_16_55_29_860.jpg;0;0;0;1.974148;141.8164;101.6526;359.6452;297.4229;0.006234388
C:\Users\baike\RoboND-Rover-Project\BK_dataset\IMG\IMG\robocam_2018_01_21_16_55_29_927.jpg;0;0;0;1.967452;141.8888;101.513;359.6434;297.4227;0.004905838
C:\Users\baike\RoboND-Rover-Project\BK_dataset\IMG\IMG\robocam_2018_01_21_16_55_29_993.jpg;0;0;0;1.960779;141.9429;101.4086;359.6465;297.4203;-0.002291712
C:\Users\baike\RoboND-Rover-Project\BK_dataset\IMG\IMG\robocam_2018_01_21_16_55_30_060.jpg;0;0;0;1.951662;141.9968;101.3046;359.6494;297.4198;359.9925
C:\Users\baike\RoboND-Rover-Project\BK_dataset\IMG\IMG\robocam_2018_01_21_16_55_30_127.jpg;0;0;0;1.945043;142.0685;101.1666;359.6483;297.4197;359.9868
C:\Users\baike\RoboND-Rover-Project\BK_dataset\IMG\IMG\robocam_2018_01_21_16_55_30_193.jpg;0;0;0;1.938364;142.1221;101.0634;359.6538;297.4229;359.993
C:\Users\baike\RoboND-Rover-Project\BK_dataset\IMG\IMG\robocam_2018_01_21_16_55_30_260.jpg;0;0;0;1.929473;142.1754;100.9606;359.6551;297.4233;-0.004099675
C:\Users\baike\RoboND-Rover-Project\BK_dataset\IMG\IMG\robocam_2018_01_21_16_55_30_327.jpg;0;0;0;1.92293;142.2462;100.8242;359.6519;297.4233;-0.0006382075
C:\Users\baike\RoboND-Rover-Project\BK_dataset\IMG\IMG\robocam_2018_01_21_16_55_30_393.jpg;0;0;0;1.916324;142.2991;100.7222;359.6566;297.423;0.0008086515
C:\Users\baike\RoboND-Rover-Project\BK_dataset\IMG\IMG\robocam_2018_01_21_16_55_30_457.jpg;0;0;0;1.907526;142.3519;100.6206;359.6572;297.423;0.002611127
C:\Users\baike\RoboND-Rover-Project\BK_dataset\IMG\IMG\robocam_2018_01_21_16_55_30_527.jpg;0;0;0;1.901056;142.4218;100.4857;359.657;297.421;0.0001317036
C:\Users\baike\RoboND-Rover-Project\BK_dataset\IMG\IMG\robocam_2018_01_21_16_55_30_593.jpg;0;0;0;1.894412;142.474;100.3848;359.6595;297.4197;-0.005255236
C:\Users\baike\RoboND-Rover-Project\BK_dataset\IMG\IMG\robocam_2018_01_21_16_55_30_660.jpg;0;0;0;1.885844;142.5262;100.2844;359.6588;297.4196;359.9907
C:\Users\baike\RoboND-Rover-Project\BK_dataset\IMG\IMG\robocam_2018_01_21_16_55_30_726.jpg;0;0;0;1.879373;142.5955;100.151;359.6628;297.4226;-0.004626479
C:\Users\baike\RoboND-Rover-Project\BK_dataset\IMG\IMG\robocam_2018_01_21_16_55_30_794.jpg;0;0;0;1.872874;142.6472;100.0514;359.6637;297.4229;-0.001949406
C:\Users\baike\RoboND-Rover-Project\BK_dataset\IMG\IMG\robocam_2018_01_21_16_55_30_860.jpg;0;0;0;1.864411;142.6987;99.9521;359.6615;297.423;0.0004409017
C:\Users\baike\RoboND-Rover-Project\BK_dataset\IMG\IMG\robocam_2018_01_21_16_55_30_927.jpg;0;0;0;1.857897;142.767;99.82012;359.6658;297.4201;359.993
C:\Users\baike\RoboND-Rover-Project\BK_dataset\IMG\IMG\robocam_2018_01_21_16_55_30_994.jpg;0;0;0;1.85159;142.8181;99.72163;359.6653;297.4199;359.9898
C:\Users\baike\RoboND-Rover-Project\BK_dataset\IMG\IMG\robocam_2018_01_21_16_55_31_060.jpg;0;0;0;1.843151;142.8692;99.62347;359.668;297.4224;359.9937
C:\Users\baike\RoboND-Rover-Project\BK_dataset\IMG\IMG\robocam_2018_01_21_16_55_31_128.jpg;0;0;0;1.836781;142.9368;99.49309;359.6698;297.423;-0.001961431
C:\Users\baike\RoboND-Rover-Project\BK_dataset\IMG\IMG\robocam_2018_01_21_16_55_31_194.jpg;0;0;0;1.830551;142.9874;99.39574;359.6676;297.4231;0.0008664014
C:\Users\baike\RoboND-Rover-Project\BK_dataset\IMG\IMG\robocam_2018_01_21_16_55_31_260.jpg;0;0;0;1.822201;143.0377;99.29863;359.6696;297.4215;-0.0005830571
C:\Users\baike\RoboND-Rover-Project\BK_dataset\IMG\IMG\robocam_2018_01_21_16_55_31_327.jpg;0;0;0;1.815887;143.1045;99.16974;359.6709;297.4212;-0.001236545
C:\Users\baike\RoboND-Rover-Project\BK_dataset\IMG\IMG\robocam_2018_01_21_16_55_31_397.jpg;0;0;0;1.807678;143.1545;99.0735;359.6686;297.4212;-0.001564486
C:\Users\baike\RoboND-Rover-Project\BK_dataset\IMG\IMG\robocam_2018_01_21_16_55_31_461.jpg;0;0;0;1.80137;143.2209;98.94563;359.6724;297.4239;0.007822722
C:\Users\baike\RoboND-Rover-Project\BK_dataset\IMG\IMG\robocam_2018_01_21_16_55_31_528.jpg;0;0;0;1.795254;143.2705;98.85014;359.6717;297.4241;0.01232758
C:\Users\baike\RoboND-Rover-Project\BK_dataset\IMG\IMG\robocam_2018_01_21_16_55_31_595.jpg;0;0;0;1.789098;143.3198;98.75485;359.6764;297.4216;0.008315581
C:\Users\baike\RoboND-Rover-Project\BK_dataset\IMG\IMG\robocam_2018_01_21_16_55_31_658.jpg;0;0;0;1.780897;143.369;98.65998;359.6778;297.4213;0.006506044
C:\Users\baike\RoboND-Rover-Project\BK_dataset\IMG\IMG\robocam_2018_01_21_16_55_31_728.jpg;0;0;0;1.774857;143.4344;98.53406;359.6752;297.4213;0.004238954
C:\Users\baike\RoboND-Rover-Project\BK_dataset\IMG\IMG\robocam_2018_01_21_16_55_31_794.jpg;0;0;0;1.768774;143.4831;98.43988;359.6782;297.4188;-0.004955213
C:\Users\baike\RoboND-Rover-Project\BK_dataset\IMG\IMG\robocam_2018_01_21_16_55_31_861.jpg;0;0;0;1.76067;143.548;98.31493;359.6775;297.4185;359.9869
C:\Users\baike\RoboND-Rover-Project\BK_dataset\IMG\IMG\robocam_2018_01_21_16_55_31_928.jpg;0;0;0;1.754633;143.5965;98.22157;359.6819;297.421;359.9895
C:\Users\baike\RoboND-Rover-Project\BK_dataset\IMG\IMG\robocam_2018_01_21_16_55_31_994.jpg;0;0;0;1.748568;143.6448;98.12853;359.683;297.4212;359.99
C:\Users\baike\RoboND-Rover-Project\BK_dataset\IMG\IMG\robocam_2018_01_21_16_55_32_062.jpg;0;0;0;1.740665;143.7088;98.00504;359.6803;297.4213;359.9909
C:\Users\baike\RoboND-Rover-Project\BK_dataset\IMG\IMG\robocam_2018_01_21_16_55_32_125.jpg;0;0;0;1.7347;143.7568;97.91275;359.6833;297.4238;-0.0006007723
C:\Users\baike\RoboND-Rover-Project\BK_dataset\IMG\IMG\robocam_2018_01_21_16_55_32_192.jpg;0;0;0;1.728709;143.8045;97.8208;359.6831;297.424;0.004867731
C:\Users\baike\RoboND-Rover-Project\BK_dataset\IMG\IMG\robocam_2018_01_21_16_55_32_258.jpg;0;0;0;1.720892;143.852;97.72912;359.6832;297.4225;0.006153993
C:\Users\baike\RoboND-Rover-Project\BK_dataset\IMG\IMG\robocam_2018_01_21_16_55_32_327.jpg;0;0;0;1.714883;143.9151;97.60736;359.6858;297.4214;0.004324095
C:\Users\baike\RoboND-Rover-Project\BK_dataset\IMG\IMG\robocam_2018_01_21_16_55_32_394.jpg;0;0;0;1.707129;143.9623;97.51645;359.6845;297.4214;0.003415993
C:\Users\baike\RoboND-Rover-Project\BK_dataset\IMG\IMG\robocam_2018_01_21_16_55_32_461.jpg;0;0;0;1.701335;144.0249;97.39567;359.6852;297.4199;-0.001513643
C:\Users\baike\RoboND-Rover-Project\BK_dataset\IMG\IMG\robocam_2018_01_21_16_55_32_528.jpg;0;0;0;1.695375;144.0717;97.30545;359.6869;297.4196;-0.004850934
C:\Users\baike\RoboND-Rover-Project\BK_dataset\IMG\IMG\robocam_2018_01_21_16_55_32_594.jpg;0;0;0;1.687706;144.1183;97.21558;359.6859;297.4196;359.9923
C:\Users\baike\RoboND-Rover-Project\BK_dataset\IMG\IMG\robocam_2018_01_21_16_55_32_661.jpg;0;0;0;1.681921;144.1803;97.09621;359.6888;297.422;-0.003549436
C:\Users\baike\RoboND-Rover-Project\BK_dataset\IMG\IMG\robocam_2018_01_21_16_55_32_728.jpg;0;0;0;1.67611;144.2266;97.00704;359.6893;297.4222;-0.0009703345
C:\Users\baike\RoboND-Rover-Project\BK_dataset\IMG\IMG\robocam_2018_01_21_16_55_32_795.jpg;0;0;0;1.66853;144.2727;96.91821;359.6875;297.4222;0.00134376
C:\Users\baike\RoboND-Rover-Project\BK_dataset\IMG\IMG\robocam_2018_01_21_16_55_32_862.jpg;0;0;0;1.662804;144.3339;96.80012;359.6902;297.4204;-0.001253738
C:\Users\baike\RoboND-Rover-Project\BK_dataset\IMG\IMG\robocam_2018_01_21_16_55_32_928.jpg;0;0;0;1.657045;144.3796;96.71195;359.6909;297.4203;-0.002340528
C:\Users\baike\RoboND-Rover-Project\BK_dataset\IMG\IMG\robocam_2018_01_21_16_55_32_994.jpg;0;0;0;1.649549;144.4252;96.62412;359.6894;297.4203;-0.003248963
C:\Users\baike\RoboND-Rover-Project\BK_dataset\IMG\IMG\robocam_2018_01_21_16_55_33_062.jpg;0;0;0;1.643802;144.4858;96.50743;359.6932;297.4225;0.00388025
C:\Users\baike\RoboND-Rover-Project\BK_dataset\IMG\IMG\robocam_2018_01_21_16_55_33_127.jpg;0;0;0;1.638219;144.5311;96.42028;359.6931;297.4225;0.007330179
C:\Users\baike\RoboND-Rover-Project\BK_dataset\IMG\IMG\robocam_2018_01_21_16_55_33_194.jpg;0;0;0;1.630756;144.576;96.33336;359.6954;297.4207;0.005380425
C:\Users\baike\RoboND-Rover-Project\BK_dataset\IMG\IMG\robocam_2018_01_21_16_55_33_262.jpg;0;0;0;1.625123;144.6359;96.21799;359.6975;297.4203;0.002741592
C:\Users\baike\RoboND-Rover-Project\BK_dataset\IMG\IMG\robocam_2018_01_21_16_55_33_328.jpg;-0.1068429;0;0;1.619385;144.6801;96.13165;359.6958;297.3492;359.9901
C:\Users\baike\RoboND-Rover-Project\BK_dataset\IMG\IMG\robocam_2018_01_21_16_55_33_394.jpg;0;0;0;1.611909;144.7246;96.04571;359.6991;297.3425;359.9933
C:\Users\baike\RoboND-Rover-Project\BK_dataset\IMG\IMG\robocam_2018_01_21_16_55_33_462.jpg;0;0;0;1.606435;144.7836;95.93162;359.6994;297.3417;-0.004643725
C:\Users\baike\RoboND-Rover-Project\BK_dataset\IMG\IMG\robocam_2018_01_21_16_55_33_528.jpg;0;0;0;1.600982;144.8277;95.84642;359.6971;297.3416;-0.003184506
C:\Users\baike\RoboND-Rover-Project\BK_dataset\IMG\IMG\robocam_2018_01_21_16_55_33_594.jpg;0;0;0;1.593601;144.8717;95.76148;359.6994;297.3436;0.004494346
C:\Users\baike\RoboND-Rover-Project\BK_dataset\IMG\IMG\robocam_2018_01_21_16_55_33_662.jpg;0;0;0;1.588187;144.93;95.64869;359.6988;297.3438;0.01131308
